message_id,message,sentiment,confidence,labeled_by,timestamp
68480,MEGALUL,Positive,5,Jason,2026-02-01 04:56:47
75004,nah it’s feature,Positive,3,Jason,2026-02-01 04:58:51
31881,meow,Positive,3,Jason,2026-02-01 05:01:44
11479,BASED waited for the sale,Positive,2,Jason,2026-02-01 05:03:18
89035,SMOKER,Positive,2,Jason,2026-02-01 05:07:32
50587,LMAOOOOOO,Positive,5,Jason,2026-02-01 05:07:37
82040,wholesome,Positive,5,Jason,2026-02-01 05:08:47
74876,BASED,Positive,5,Jason,2026-02-01 05:09:35
23017,yes,Positive,5,Jason,2026-02-01 05:09:40
81801,PepeLaugh SUPERCHAT READING,Positive,4,Jason,2026-02-01 05:11:10
65332,too bro,Positive,3,Jason,2026-02-01 05:11:31
56574,sodaSteer,Positive,2,Jason,2026-02-01 05:14:09
10169,santos🩷🩷🩷,Positive,5,Jason,2026-02-01 05:18:07
74552,sodaFukireta,Positive,4,Jason,2026-02-01 05:18:57
53919,Hbd cera,Positive,5,Jason,2026-02-01 05:19:29
76094,sodaFukireta,Positive,4,Jason,2026-02-01 05:21:11
31778,SNIFFA,Positive,3,Jason,2026-02-01 05:21:48
26875,Lol,Positive,4,Jason,2026-02-01 05:24:48
11112,guess joined the perfect time,Positive,2,Jason,2026-02-01 05:25:01
46466,wardoo_ catKISS,Positive,4,Jason,2026-02-01 05:26:45
82504,fanum,Positive,3,Jason,2026-02-01 05:27:30
63542,LUL,Positive,5,Jason,2026-02-01 05:31:17
23606,f,Positive,3,Jason,2026-02-01 05:33:49
59072,ICANT,Positive,4,Jason,2026-02-01 05:34:31
69619,WAYTOODANK,Positive,4,Jason,2026-02-01 05:35:13
14305,this is the easy part LULW,Positive,3,Jason,2026-02-01 05:35:40
12888,bop,Positive,2,Jason,2026-02-01 05:36:12
30160,nice chat interface thor,Positive,3,Jason,2026-02-01 05:36:29
48954,BASED,Positive,5,Jason,2026-02-01 05:37:17
57534,xdd,Positive,5,Jason,2026-02-01 05:37:56
54112,GOODONE,Positive,5,Jason,2026-02-01 19:15:36
82481,whifferz,Positive,3,Jason,2026-02-01 19:17:22
67489,classic,Positive,4,Jason,2026-02-01 19:17:35
24232,YEP COCKS,Positive,4,Jason,2026-02-01 19:19:10
76376,yes,Positive,4,Jason,2026-02-01 19:20:27
99564,KEKW,Positive,5,Jason,2026-02-01 19:21:22
41815,YES,Positive,5,Jason,2026-02-01 19:21:28
67555,xdx,Positive,4,Jason,2026-02-01 19:24:00
92950,BASED,Positive,5,Jason,2026-02-01 19:24:31
68314,got you thanks pirate,Positive,5,Jason,2026-02-01 19:25:58
43850,ICANT,Positive,5,Jason,2026-02-01 19:27:12
82702,Based,Positive,5,Jason,2026-02-01 19:28:24
37996,INSANE LORE,Positive,5,Jason,2026-02-01 19:29:52
66249,OMEGALUL,Positive,5,Jason,2026-02-01 19:29:58
40187,ratJAM ratJAM,Positive,5,Jason,2026-02-01 19:30:22
59283,gg guys OMEGALUL,Positive,4,Jason,2026-02-01 19:32:17
43417,bro got director stylist now,Positive,3,Jason,2026-02-01 19:33:39
57612,Pog,Positive,5,Jason,2026-02-01 19:35:06
92676,good steal,Positive,4,Jason,2026-02-01 19:35:23
73874,FeelsGoodMan Clap LOUDER FeelsGoodMan Clap LOUDER FeelsGoodMan Clap LOUDER FeelsGoodMan Clap LOUDER FeelsGoodMan Clap LOUDER FeelsGoodMan Clap LOUDER FeelsGoodMan Clap LOUDER FeelsGoodMan Clap LOUDER FeelsGoodMan Clap LOUDER FeelsGoodMan Clap LOUDER FeelsGoodMan Clap LOUDER FeelsGoodMan Clap LOUDER FeelsGoodMan Clap LOUDER FeelsGoodMan Clap LOUDER FeelsGoodMan Clap LOUDER,Positive,5,Jason,2026-02-01 19:35:34
78187,jesus 2% LUL,Positive,4,Jason,2026-02-01 19:35:47
49745,yes,Positive,4,Jason,2026-02-01 19:36:47
76743,YES,Positive,5,Jason,2026-02-01 19:37:01
81805,dezz handsome,Positive,3,Jason,2026-02-01 19:37:43
76621,WICKED,Positive,5,Jason,2026-02-01 19:38:12
97479,duckass,Positive,4,Jason,2026-02-01 19:39:19
35972,WICKED,Positive,5,Jason,2026-02-01 19:39:42
12217,LOLOLOLOL,Positive,5,Jason,2026-02-01 19:39:45
84344,BigBrother Clap,Positive,4,Jason,2026-02-01 19:40:01
31583,AYAYA,Positive,5,Jason,2026-02-01 19:40:39
90837,BARS,Positive,4,Jason,2026-02-01 19:41:07
83682,Pog,Positive,5,Jason,2026-02-01 19:41:11
35830,xdx,Positive,5,Jason,2026-02-02 20:57:00
50551,LOL soo funny,Positive,3,Jason,2026-02-02 20:57:42
40676,Clap good stream,Positive,5,Jason,2026-02-02 20:57:47
16157,the way,Positive,3,Jason,2026-02-02 21:00:27
70760,OMEGALUL,Positive,5,Jason,2026-02-02 21:00:42
95070,OMEGALUL,Positive,5,Jason,2026-02-02 21:01:25
22579,xdx,Positive,5,Jason,2026-02-02 21:01:29
58247,OMEGALUL,Positive,5,Jason,2026-02-02 21:01:46
50113,BARS,Positive,5,Jason,2026-02-02 21:02:04
37528,happy birthday youre the goat,Positive,5,Jason,2026-02-02 21:03:03
17815,JAJA,Positive,3,Jason,2026-02-02 21:03:09
46503,CAN FIX HER TRUST BRO,Positive,4,Jason,2026-02-02 21:03:29
21037,Pog,Positive,5,Jason,2026-02-02 21:04:36
16303,LULE,Positive,5,Jason,2026-02-02 21:05:07
69814,xdd,Positive,5,Jason,2026-02-02 21:05:27
56009,ICANT,Positive,5,Jason,2026-02-02 21:06:22
89621,valid,Positive,3,Jason,2026-02-02 21:06:46
84752,LMAO,Positive,5,Jason,2026-02-02 21:08:05
76394,peepoGiggle,Positive,4,Jason,2026-02-02 21:09:21
91277,ICANT,Positive,5,Jason,2026-02-02 21:09:33
89677,KKool,Positive,5,Jason,2026-02-02 21:11:58
38234,YEP,Positive,5,julian,2026-02-02 22:05:40
65902,WWWWW,Positive,5,julian,2026-02-02 22:10:59
62585,Pog GOTY,Positive,5,julian,2026-02-02 22:11:24
72273,mhm,Positive,5,julian,2026-02-02 22:11:44
19663,outrageous totally rad dude rock,Positive,5,julian,2026-02-02 22:12:01
89317,HandsUp,Positive,4,Jason,2026-02-03 03:48:56
49391,NODDERS YUH YUH,Positive,4,Jason,2026-02-03 03:53:25
36925,GAMBA HOLY,Positive,5,Jason,2026-02-03 03:54:51
86813,ICANT,Positive,5,Jason,2026-02-03 03:55:06
90172,LUL?,Positive,3,Jason,2026-02-03 03:55:11
20114,BASED,Positive,5,Jason,2026-02-03 03:55:21
15681,HELLO,Positive,3,Jason,2026-02-03 03:55:59
12775,yes,Positive,4,Jason,2026-02-03 03:56:15
70266,veiO sodaO veiO,Positive,4,Jason,2026-02-03 03:56:21
34475,yes,Positive,4,Jason,2026-02-03 03:56:25
63424,yes,Positive,5,Jason,2026-02-03 03:56:42
30086,jah,Positive,4,Jason,2026-02-03 03:56:46
29985,Lol,Positive,5,Jason,2026-02-03 03:57:16
36726,dub,Positive,5,Jason,2026-02-03 03:58:35
46204,God speed filian,Positive,5,Jason,2026-02-03 03:58:38
84793,Hurley710 LOL,Positive,4,Jason,2026-02-03 03:59:16
16583,MEOW,Positive,5,Jason,2026-02-03 03:59:19
54878,xdding,Positive,5,Jason,2026-02-03 03:59:39
58991,true,Positive,3,Jason,2026-02-03 04:00:11
92892,damn have good pair for this too,Positive,5,Jason,2026-02-03 04:00:34
11028,call 1-800-VENTS,Positive,4,Jason,2026-02-03 04:01:03
55447,sodaWiggle sodaWiggle,Positive,3,Jason,2026-02-03 04:01:47
98728,classic,Positive,4,Jason,2026-02-03 04:02:25
59867,moon2SPIN  CUM ON ME,Positive,5,Jason,2026-02-03 04:03:02
34185,LOL,Positive,5,Jason,2026-02-03 04:03:05
91043,its meme,Positive,5,Jason,2026-02-03 04:03:08
24858,DEMO,Positive,3,Jason,2026-02-03 04:03:13
72094,xdx,Positive,5,Jason,2026-02-03 04:04:08
36345,xdx,Positive,5,Jason,2026-02-03 04:05:16
27749,SMOrc Clap,Positive,5,Jason,2026-02-03 04:05:28
89389,alienPls time to probe,Positive,3,Jason,2026-02-03 04:06:09
55133,LULW,Positive,5,Jason,2026-02-03 04:06:15
40699,omg 😂😂😂😂,Positive,5,Jason,2026-02-03 04:06:18
35721,PepeLaugh,Positive,4,Jason,2026-02-03 04:06:59
19130,KKonaW,Positive,4,Jason,2026-02-03 04:07:02
84842,gachiHYPER HARDER,Positive,4,Jason,2026-02-03 04:07:43
64102,Pog,Positive,5,Jason,2026-02-03 04:07:56
81403,yes,Positive,5,Jason,2026-02-03 04:07:58
65700,classic,Positive,5,Jason,2026-02-03 04:08:01
29510,ICANT,Positive,5,Jason,2026-02-03 04:08:15
38438,xdx,Positive,5,Jason,2026-02-03 04:08:22
84983,REAL,Positive,5,Jason,2026-02-03 04:08:37
45144,HYPERS,Positive,4,Jason,2026-02-03 04:09:36
77249,PepeLaugh,Positive,5,Jason,2026-02-03 04:10:06
98111,YES,Positive,5,Jason,2026-02-03 04:10:09
20175,classic,Positive,4,Jason,2026-02-03 04:10:42
15775,REALESTDON🩷🩷🩷💜💜💜💜💜💜💜💜💜💜💜🩵🩵🩵🩵🩷🩷🩷💜💜🩷💜🩷💜 kaicenat,Positive,5,Jason,2026-02-03 04:10:51
33929,yes,Positive,4,Jason,2026-02-03 04:11:02
25492,LOLLLLL,Positive,4,Jason,2026-02-03 04:11:11
84247,WICKED tons of damage,Positive,5,Jason,2026-02-03 04:11:37
21485,WWW,Positive,4,julian,2026-02-04 03:42:56
81095,love how everyone types differently,Positive,5,julian,2026-02-04 03:44:10
75933,OMEGALUL,Positive,5,julian,2026-02-04 03:44:31
18732,wwwwwwww,Positive,4,julian,2026-02-04 03:44:42
39151,LUL,Positive,4,julian,2026-02-04 03:45:16
62897,xar2EDM peepoDJ xar2EDM peepoDJ xar2EDM peepoDJ xar2EDM peepoDJ xar2EDM peepoDJ xar2EDM peepoDJ,Positive,4,julian,2026-02-04 03:46:18
12342,sodaFat yum,Positive,5,julian,2026-02-04 03:46:45
96045,ICANT true suppose,Positive,4,julian,2026-02-04 03:47:40
18517,veiOMEGALUL,Positive,4,julian,2026-02-04 03:48:10
94086,OMEGALUL,Positive,5,julian,2026-02-04 03:48:16
83844,CRUMPET APPROVESSS OF MOMMY!!!,Positive,5,julian,2026-02-04 03:49:08
85873,YES,Positive,5,julian,2026-02-04 03:49:17
30172,LUCKY,Positive,5,julian,2026-02-04 03:49:28
74017,yes,Positive,5,julian,2026-02-04 03:49:39
75460,wink,Positive,4,julian,2026-02-04 03:49:48
93620,RELATABLE,Positive,4,julian,2026-02-04 03:53:40
11664,red dress only good,Positive,4,julian,2026-02-04 03:57:38
68549,Pog,Positive,4,Bill,2026-02-04 03:58:43
18743,VIP HIM,Positive,4,julian,2026-02-04 03:59:13
80517,goty,Positive,2,Bill,2026-02-04 04:02:53
90690,Sup daddy,Positive,4,julian,2026-02-04 04:04:30
34547,OMEGALUL,Positive,5,julian,2026-02-04 04:04:45
24697,<3,Positive,5,Bill,2026-02-04 04:04:47
94617,she’s skinny queen,Positive,5,julian,2026-02-04 04:06:49
39390,mmm,Positive,4,julian,2026-02-04 04:07:04
36691,WWWWWWWWWW,Positive,3,Bill,2026-02-04 04:07:41
64703,CINEMA,Positive,4,Bill,2026-02-04 04:09:02
42154,wwwwwwwwwwww,Positive,3,Bill,2026-02-04 04:09:32
61477,LOL,Positive,3,Bill,2026-02-04 04:09:46
13675,yuh,Positive,5,julian,2026-02-04 04:10:02
21217,Pog,Positive,5,julian,2026-02-04 04:10:25
31949,xd,Positive,2,Bill,2026-02-04 04:10:34
71849,NOOOOOOOOOO You were doing well keep the jokes coming,Positive,4,Bill,2026-02-04 04:10:41
49224,classic,Positive,1,Bill,2026-02-04 04:12:01
85328,BANGER,Positive,2,Bill,2026-02-04 04:13:38
57359,huge wwwww ea_triangle_45,Positive,5,Bill,2026-02-04 04:14:53
47046,cinna cooking rnn AHAHAA shes roasting,Positive,2,Bill,2026-02-04 04:15:46
90101,Cheer1000 case long time watcher first time sending bits but husband daniel and watch you and just got married yesterday happy watch stream tonight after crazy weekend celebrating love streamer,Positive,2,Bill,2026-02-04 04:16:38
50078,Clap 󠀀,Positive,4,Bill,2026-02-04 04:19:02
38079,wwwwwwwwww,Positive,3,Bill,2026-02-04 04:19:40
19748,CHAT 100X BETTER NOW,Positive,2,Bill,2026-02-04 04:21:50
18656,EVIL NICE,Positive,1,Bill,2026-02-04 04:22:07
50544,You can do it soda!!!!!!,Positive,5,Bill,2026-02-04 04:22:22
31665,I do :),Positive,2,Bill,2026-02-04 04:22:32
79404,np :),Positive,2,Bill,2026-02-04 04:27:20
41457,GOODONE,Positive,4,Bill,2026-02-04 04:28:24
48625,WWWWWWWWWWWWWWWWWWWWWWWW,Positive,3,Bill,2026-02-04 04:31:31
75344,www,Positive,4,Bill,2026-02-04 04:33:17
38552,PepeLaugh,Positive,1,Bill,2026-02-04 04:34:30
12747,He's super cool design,Positive,4,Bill,2026-02-04 04:36:08
50494,WWWWW,Positive,2,Bill,2026-02-04 04:37:32
11629,Créativité,Positive,1,Bill,2026-02-04 04:37:42
36479,<3,Positive,5,Bill,2026-02-04 04:38:18
38723,She's cute she's daughter,Positive,2,Bill,2026-02-04 04:38:44
10238,homie droppin that beat tho,Positive,2,Bill,2026-02-04 04:39:53
75464,not bad,Positive,1,Bill,2026-02-04 04:40:29
89070,www,Positive,1,Bill,2026-02-04 04:40:45
81466,OKAY COOKKK,Positive,2,Bill,2026-02-04 04:40:52
40331,yes,Positive,1,Bill,2026-02-04 04:41:04
25293,loveeee fanum,Positive,1,Bill,2026-02-04 04:43:09
88127,cute,Positive,5,Bill,2026-02-04 04:43:58
26346,Bro about cry this amazing dude,Positive,2,Bill,2026-02-04 04:52:43
91891,GAMING,Positive,1,Bill,2026-02-04 04:53:31
81452,HYPERCLAP HYPERCLAP HYPERCLAP,Positive,4,Bill,2026-02-04 04:53:40
50743,COGGERS cmon tars,Positive,1,Bill,2026-02-04 04:54:49
56718,NODDERS,Positive,1,Bill,2026-02-04 04:55:28
72871,misses you,Positive,1,Bill,2026-02-04 04:57:08
81253,THIS IS Pog,Positive,2,Bill,2026-02-04 04:58:08
11685,haha crab,Positive,1,Bill,2026-02-04 04:58:17
94702,haha cheating goes brrrr,Positive,1,Bill,2026-02-04 05:04:52
31120,facts,Positive,2,Bill,2026-02-04 05:05:19
97305,HAHAHAHA,Positive,1,Bill,2026-02-04 05:05:44
65222,GOODONE,Positive,3,Bill,2026-02-04 05:06:08
95258,TRUE LOL,Positive,2,Bill,2026-02-04 05:07:57
64158,HAHAHAHA,Positive,2,Bill,2026-02-04 05:08:48
56985,:'D hiya,Positive,1,Bill,2026-02-04 05:10:40
23033,happy birthday bro,Positive,5,Bill,2026-02-04 05:10:44
91035,LOVE STEAM,Positive,3,Bill,2026-02-04 05:11:23
33378,ggs,Positive,2,Bill,2026-02-04 05:11:49
84348,GAME <3,Positive,2,Bill,2026-02-04 05:13:20
41464,LOVE YOU TOO HEART,Positive,4,Bill,2026-02-04 05:15:13
96191,sodaHmm cool.\,Positive,1,Bill,2026-02-04 05:17:05
92574,forsenCD VALID,Positive,1,Bill,2026-02-04 05:23:05
98050,2nd best video far,Positive,2,Bill,2026-02-04 05:26:35
16833,nice job,Positive,5,Bill,2026-02-04 05:27:15
31028,THINKS GOT AURA,Positive,4,Bill,2026-02-04 05:27:33
71570,fireeeee,Positive,4,Bill,2026-02-04 05:30:11
12983,WOW,Positive,2,Bill,2026-02-04 05:32:13
39715,LATTO YOU THE FINE SHI,Positive,2,Bill,2026-02-04 05:33:41
42720,hot,Positive,1,Bill,2026-02-04 05:33:56
58137,:) me,Positive,1,Bill,2026-02-04 05:34:06
19100,SIGMA,Positive,4,Bill,2026-02-04 05:35:45
21108,absolute cinema,Positive,4,Bill,2026-02-04 05:36:18
22164,:33,Positive,2,Bill,2026-02-04 05:36:48
80631,love your streams,Positive,5,Bill,2026-02-04 05:37:09
19875,yay lucy,Positive,2,Bill,2026-02-04 05:38:01
69292,AURA,Positive,3,Bill,2026-02-04 05:39:02
97614,yooooooo,Positive,4,julian,2026-02-04 23:10:43
63767,good night,Positive,5,julian,2026-02-04 23:24:22
46225,keep pushing,Positive,4,julian,2026-02-04 23:26:58
38400,xdx,Positive,4,julian,2026-02-04 23:28:22
61246,awwwwwwwwwww,Positive,4,julian,2026-02-04 23:28:33
64606,good,Positive,4,julian,2026-02-04 23:28:55
51213,she cute,Positive,5,julian,2026-02-04 23:29:32
62986,GGS,Positive,5,julian,2026-02-04 23:29:38
43643,mhm,Positive,4,julian,2026-02-04 23:30:50
82545,nice,Positive,4,julian,2026-02-04 23:36:16
68738,you cook today,Positive,4,julian,2026-02-04 23:38:05
50471,@deathwader710 sodaWiggle,Positive,4,julian,2026-02-04 23:38:22
10468,cute,Positive,4,julian,2026-02-04 23:38:40
19452,cleannnnn,Positive,5,julian,2026-02-04 23:41:21
70744,sivir EZ Clap,Positive,5,julian,2026-02-04 23:41:28
57151,www,Positive,5,julian,2026-02-04 23:42:18
61816,veibae is hot <3,Positive,5,julian,2026-02-04 23:42:46
90572,hiii,Positive,5,julian,2026-02-04 23:43:34
22673,xdx,Positive,4,julian,2026-02-04 23:44:50
11531,wwwww,Positive,4,julian,2026-02-04 23:45:03
35064,congratulations for streamer university,Positive,5,julian,2026-02-04 23:46:15
94087,😂 funny,Positive,5,julian,2026-02-04 23:46:18
32494,happywormas,Positive,5,julian,2026-02-04 23:46:30
16275,easy,Positive,5,julian,2026-02-04 23:46:50
17833,FeelsStrongMan,Positive,5,julian,2026-02-04 23:47:14
70442,GGz,Positive,5,julian,2026-02-04 23:47:21
50521,NODDERS,Positive,5,julian,2026-02-04 23:48:08
90520,Pog,Positive,5,julian,2026-02-04 23:48:12
63768,BBoomer,Positive,4,julian,2026-02-04 23:48:53
75484,PogChamp ASTOLFO,Positive,5,julian,2026-02-04 23:49:27
41945,and the music jams,Positive,4,julian,2026-02-04 23:49:33
49106,Pog,Positive,5,julian,2026-02-04 23:50:54
32673,mhm,Positive,5,julian,2026-02-04 23:51:05
71028,Wokege,Positive,5,julian,2026-02-04 23:51:33
19345,Pog,Positive,5,julian,2026-02-04 23:51:43
18310,wwww,Positive,5,julian,2026-02-05 05:02:02
36460,your hair fluffy,Positive,5,julian,2026-02-05 05:02:14
78514,based,Positive,4,julian,2026-02-05 05:08:29
16675,xdd,Positive,4,julian,2026-02-05 05:08:43
80434,looool,Positive,5,julian,2026-02-05 05:08:48
13657,xdx,Positive,4,julian,2026-02-05 10:19:17
71383,yes,Positive,4,julian,2026-02-05 10:19:53
17968,xdx,Positive,4,julian,2026-02-05 10:19:57
59425,wwwwww,Positive,4,julian,2026-02-05 10:20:47
92925,xdx,Positive,4,julian,2026-02-05 10:21:13
18617,your digital bits LOL,Positive,4,julian,2026-02-05 10:21:43
95422,YES,Positive,5,julian,2026-02-05 10:21:47
63378,lmaoooooo,Positive,4,julian,2026-02-05 10:21:52
30510,YUUUHHHH,Positive,5,julian,2026-02-05 10:21:56
42818,nice,Positive,4,julian,2026-02-05 10:22:51
35186,woo,Positive,4,julian,2026-02-05 10:23:12
48936,5Head,Positive,5,julian,2026-02-05 10:23:45
13155,wwwwwwwwww,Positive,5,julian,2026-02-05 10:23:54
78427,bands was goat,Positive,4,julian,2026-02-05 10:24:11
11819,Jadez Pog,Positive,5,julian,2026-02-05 10:25:32
40037,GJ!,Positive,5,julian,2026-02-05 10:25:41
88861,PepeLaugh,Positive,5,julian,2026-02-05 10:25:45
15255,YES,Positive,5,julian,2026-02-05 10:26:04
36870,Yep,Positive,4,julian,2026-02-05 10:26:14
84672,mhm,Positive,4,julian,2026-02-05 10:26:16
54058,wwwwwww,Positive,4,julian,2026-02-05 10:26:39
59560,clap,Positive,4,julian,2026-02-05 10:26:42
42568,very insightful,Positive,4,julian,2026-02-05 10:26:56
53798,BLICK SUMMMMM,Positive,4,Jason,2026-02-01 05:01:16
58187,WICKED,Positive,4,Jason,2026-02-01 05:07:54
48121,HELL YEAH,Positive,5,Jason,2026-02-01 05:14:25
71824,wwwwww,Positive,5,Jason,2026-02-01 05:17:59
62268,GRAPHICS OOOO,Positive,5,Jason,2026-02-01 05:19:35
86302,YESSSSS,Positive,5,Jason,2026-02-01 05:19:55
64778,NOWAYING,Positive,3,Jason,2026-02-01 05:20:00
20526,GIGANEURO,Positive,4,Jason,2026-02-01 05:20:19
19740,YES,Positive,4,Jason,2026-02-01 05:21:53
16909,LOL,Positive,4,Jason,2026-02-01 05:21:55
57470,omg,Positive,3,Jason,2026-02-01 05:22:00
62741,SO AM I gachiHYPER,Positive,5,Jason,2026-02-01 05:22:05
26088,YES,Positive,5,Jason,2026-02-01 05:24:02
44443,Pog,Positive,5,Jason,2026-02-01 05:24:34
13441,hahahaha,Positive,4,Jason,2026-02-01 05:25:42
91718,WWWWWWWWWWS,Positive,5,Jason,2026-02-01 05:26:50
26147,WWWWW,Positive,5,Jason,2026-02-01 05:30:04
42423,wwwww,Positive,4,Jason,2026-02-01 05:30:14
65276,interrupt letsgo,Positive,4,Jason,2026-02-01 05:33:59
57879,Corpa PUMP IT,Positive,4,Jason,2026-02-01 19:15:07
26548,LULW,Positive,4,Jason,2026-02-01 19:16:43
91846,OMEGALUL,Positive,4,Jason,2026-02-01 19:17:52
41582,SECONDS,Positive,2,Jason,2026-02-01 19:19:45
95640,WWWWWWWWWWWWWWWWWWWWWWWWWW,Positive,5,Jason,2026-02-01 19:23:26
36143,WWWWWWWWWWWWWWWWWWWWWWWWWWWWWWWWWWWWWWWWWWWW,Positive,5,Jason,2026-02-01 19:25:49
68407,RAID XMINEE WORKING HARD,Positive,3,Jason,2026-02-01 19:27:57
73498,OOOO,Positive,5,Jason,2026-02-01 19:28:37
74900,BOT LANE CARRY,Positive,2,Jason,2026-02-01 19:28:45
96841,www,Positive,5,Jason,2026-02-01 19:30:01
19494,PagMan   PAAAAAAAAAAAAAAAAAG,Positive,5,Jason,2026-02-01 19:34:44
83457,man you number ONE the WORLD,Positive,3,Jason,2026-02-01 19:35:00
46522,wwwwwww,Positive,5,Jason,2026-02-01 19:35:28
51610,WWWWW,Positive,5,Jason,2026-02-01 19:37:05
87044,WWW,Positive,5,Jason,2026-02-01 19:37:21
11660,Pentakill,Positive,3,Jason,2026-02-01 19:39:29
87456,wwww,Positive,5,Jason,2026-02-01 19:40:47
28273,LETSGO ROCK AND STONE,Positive,4,Jason,2026-02-02 20:56:04
35988,lmaooo,Positive,4,Jason,2026-02-02 20:56:40
68402,OEMGALUL,Positive,5,Jason,2026-02-02 20:57:16
21778,Pog,Positive,5,Jason,2026-02-02 20:59:01
92686,AYAYA,Positive,5,Jason,2026-02-02 20:59:32
52414,LOOOOOOL,Positive,5,Jason,2026-02-02 21:02:48
75363,AYOOOOOOOOOOOOOOOOOOOOO,Positive,5,Jason,2026-02-02 21:04:20
91941,EGGGGGGGGGGGGGGGGG,Positive,5,Jason,2026-02-02 21:04:31
18480,WAJAJA,Positive,5,Jason,2026-02-02 21:04:40
89560,HES HERE,Positive,3,Jason,2026-02-02 21:07:18
14594,GIGACHAD NEVER GAVE,Positive,5,Jason,2026-02-02 21:07:47
59958,WWWWWWWWWWWWWWWWWWWW,Positive,5,Jason,2026-02-02 21:08:44
47493,yippeeeee,Positive,4,Jason,2026-02-02 21:09:05
91972,AAAA,Positive,4,Jason,2026-02-02 21:09:14
66247,Pog,Positive,5,Jason,2026-02-02 21:10:18
36939,WWW EGGHEAD bro hooked him,Positive,5,Jason,2026-02-02 21:11:25
48633,WEEBS IN,Positive,5,julian,2026-02-02 22:11:17
68106,it's morbin time,Positive,5,julian,2026-02-02 22:11:31
86854,HAHAHA,Positive,5,Jason,2026-02-03 03:55:00
76967,WWWWWWWWWWWWWWWWW,Positive,5,Jason,2026-02-03 03:55:36
72975,LMAO,Positive,5,Jason,2026-02-03 03:55:38
29269,catJAM,Positive,5,Jason,2026-02-03 03:55:49
84801,OMEGALUL 󠀀,Positive,5,Jason,2026-02-03 03:55:52
32094,monkaW ROUGUE AI,Positive,3,Jason,2026-02-03 03:57:00
47332,Based soda pasta WideSoda,Positive,4,Jason,2026-02-03 03:59:09
49980,LULW,Positive,5,Jason,2026-02-03 04:01:10
47227,WWWWWWWWW,Positive,5,Jason,2026-02-03 04:01:26
41728,HOLY MOLY,Positive,5,Jason,2026-02-03 04:02:01
68274,AAAA,Positive,4,Jason,2026-02-03 04:02:28
36128,Pog,Positive,5,Jason,2026-02-03 04:02:33
85805,OMEGALUL HOLY BASED,Positive,5,Jason,2026-02-03 04:03:30
13296,WIDEGIGACHAD,Positive,5,Jason,2026-02-03 04:03:47
51498,GIGAEVIL,Positive,3,Jason,2026-02-03 04:03:53
41370,FORTNITE POGGERS,Positive,4,Jason,2026-02-03 04:04:41
72766,HYPERHEADBANG,Positive,5,Jason,2026-02-03 04:04:59
89291,WWWWWW STREAMMMMM,Positive,5,Jason,2026-02-03 04:06:37
56652,WWW,Positive,5,Jason,2026-02-03 04:08:04
43066,WWWWWW,Positive,5,Jason,2026-02-03 04:08:25
31896,Pog,Positive,5,Jason,2026-02-03 04:08:33
35296,BASED,Positive,5,Jason,2026-02-03 04:09:53
44598,AAAA,Positive,4,julian,2026-02-04 03:43:22
21160,I'm SMART LOL,Positive,4,julian,2026-02-04 03:43:31
62134,FLASHBANG2,Positive,4,julian,2026-02-04 03:44:04
95251,LMAOOOOOOOOOOOOOO,Positive,5,julian,2026-02-04 03:52:05
42839,DIDDY PARTY ATTENDANT POG,Positive,5,julian,2026-02-04 03:52:50
38073,sodaL Thank you for resubscribing Superherobear for 31 months meow MYAAA,Positive,4,Bill,2026-02-04 03:59:22
66138,SMH,Positive,4,julian,2026-02-04 04:01:00
37864,LACY,Positive,5,julian,2026-02-04 04:01:12
76407,OMEGALUL,Positive,4,julian,2026-02-04 04:02:09
15869,WWWWW,Positive,3,Bill,2026-02-04 04:02:44
62332,SALT WATER,Positive,5,julian,2026-02-04 04:02:54
88854,NICE,Positive,3,Bill,2026-02-04 04:03:02
77602,CHILL GIRL,Positive,5,julian,2026-02-04 04:03:06
44288,OOOO,Positive,5,Bill,2026-02-04 04:03:51
65311,WTF,Positive,4,julian,2026-02-04 04:04:23
21218,THIS,Positive,5,julian,2026-02-04 04:04:36
19563,YES,Positive,3,Bill,2026-02-04 04:04:58
20211,ZOE ZOE ZOE ZOE ZOEEEEYYYYYY,Positive,1,Bill,2026-02-04 04:05:53
42196,LMAOOOOOOOOOOO,Positive,3,Bill,2026-02-04 04:06:04
26709,WOWWW IDK THAT,Positive,1,Bill,2026-02-04 04:06:16
50613,GIFT TIER ITS,Positive,4,julian,2026-02-04 04:06:39
23158,YES SMILE,Positive,5,julian,2026-02-04 04:06:55
78410,LMFAOOOOOOOOOO,Positive,4,Bill,2026-02-04 04:06:58
11967,LOCK,Positive,5,julian,2026-02-04 04:06:59
65434,CAN SHE SEE,Positive,4,julian,2026-02-04 04:07:12
91445,LULW,Positive,5,julian,2026-02-04 04:07:29
36830,win win,Positive,2,Bill,2026-02-04 04:08:42
73679,Pog,Positive,5,julian,2026-02-04 04:08:52
81535,LMAOOOOOOOOO,Positive,5,julian,2026-02-04 04:09:21
42073,WWW WWW,Positive,5,julian,2026-02-04 04:09:57
31808,can beat extreme tonight comeeee onnnn,Positive,1,Bill,2026-02-04 04:10:26
76683,SCHIZO,Positive,5,julian,2026-02-04 04:10:36
15918,YES,Positive,2,Bill,2026-02-04 04:10:54
16306,LETSGO,Positive,5,Bill,2026-02-04 04:11:13
17054,WHATTTTTT,Positive,3,Bill,2026-02-04 04:12:49
29053,WWWW,Positive,4,Bill,2026-02-04 04:12:53
39521,ITS GOOD KNNOWWWW,Positive,5,Bill,2026-02-04 04:13:49
20640,LMAOOO,Positive,4,Bill,2026-02-04 04:14:37
21500,LOLOLOLOL,Positive,3,Bill,2026-02-04 04:14:41
17606,LOLLL,Positive,2,Bill,2026-02-04 04:15:24
31909,LETSGO,Positive,3,Bill,2026-02-04 04:16:02
83361,LMAOOO,Positive,2,Bill,2026-02-04 04:16:14
59856,YES,Positive,5,Bill,2026-02-04 04:16:51
19007,GOOOO COOK,Positive,2,Bill,2026-02-04 04:17:21
34101,get fuked,Positive,1,Bill,2026-02-04 04:17:30
24384,YES,Positive,2,Bill,2026-02-04 04:17:36
69303,BatChest IT ARRIVED,Positive,5,Bill,2026-02-04 04:18:08
89813,AAAA,Positive,1,Bill,2026-02-04 04:18:28
41802,HOLY WAOS,Positive,1,Bill,2026-02-04 04:19:17
55473,EZ,Positive,1,Bill,2026-02-04 04:20:12
53888,OMEGALUL OMEGALUL OMEGALUL OMEGALUL,Positive,2,Bill,2026-02-04 04:20:37
20194,YEAAAAA,Positive,3,Bill,2026-02-04 04:20:53
76523,WORLD FIRST Pog WORLD FIRST Pog WORLD FIRST Pog,Positive,2,Bill,2026-02-04 04:21:08
87264,PAY THE SUBS,Positive,1,Bill,2026-02-04 04:21:25
28358,RYAAAAANNN,Positive,1,Bill,2026-02-04 04:22:00
61960,HOLY,Positive,2,Bill,2026-02-04 04:22:17
63980,WWWWWWW,Positive,3,Bill,2026-02-04 04:22:47
55344,get shit on doubters,Positive,2,Bill,2026-02-04 04:24:04
75413,PLAY ITTTTTT,Positive,3,Bill,2026-02-04 04:24:48
35477,yay,Positive,1,Bill,2026-02-04 04:28:55
88644,HOLY,Positive,3,Bill,2026-02-04 04:30:47
44712,GONNA USE THAT LMAO,Positive,4,Bill,2026-02-04 04:32:42
97861,YESSSS,Positive,3,Bill,2026-02-04 04:32:58
80658,Thank you for subscribing with prime gaming for 18 months SnowyJK meow MYAAA,Positive,1,Bill,2026-02-04 04:35:26
89458,POGGERS,Positive,1,Bill,2026-02-04 04:35:46
92615,Pog,Positive,1,Bill,2026-02-04 04:37:50
96838,excited for,Positive,2,Bill,2026-02-04 04:37:56
40547,METH Pog,Positive,2,Bill,2026-02-04 04:39:08
22342,YES,Positive,4,Bill,2026-02-04 04:39:30
99360,LETSGO,Positive,4,Bill,2026-02-04 04:41:55
88470,FINE SHYT,Positive,3,Bill,2026-02-04 04:43:20
15410,Pog YES,Positive,4,Bill,2026-02-04 04:43:44
23862,YES,Positive,3,Bill,2026-02-04 04:44:03
77657,FAX,Positive,1,Bill,2026-02-04 04:44:22
44097,GIFFTTT MEEEE,Positive,3,Bill,2026-02-04 04:45:26
80811,RIPBOZO get WRECKED,Positive,2,Bill,2026-02-04 04:45:41
37316,HOLY,Positive,1,Bill,2026-02-04 04:46:43
41025,NINTENDO SEX DATES LOL,Positive,1,Bill,2026-02-04 04:48:14
50049,OMEGALUL MUSHROOM COCK,Positive,1,Bill,2026-02-04 04:49:12
81672,REGGIES FACE LMFAOOOOOOO,Positive,2,Bill,2026-02-04 04:51:53
62919,OOOO,Positive,3,Bill,2026-02-04 04:54:26
42488,mods I make more money than you! weebGiggles,Positive,1,Bill,2026-02-04 04:54:38
87585,PLAY THIEF SIMULATOR,Positive,2,Bill,2026-02-04 04:54:58
80128,AYAYA,Positive,1,Bill,2026-02-04 04:55:13
43255,yuhhhhhh,Positive,1,Bill,2026-02-04 04:56:13
24490,ONE MORE TIME,Positive,4,Bill,2026-02-04 04:56:19
52113,BOOBA 󠀀,Positive,1,Bill,2026-02-04 04:58:40
84361,PLEASE MOVIE NIGHT ONE TIME FOR CHAT,Positive,3,Bill,2026-02-04 05:00:06
20321,LEAKED,Positive,1,Bill,2026-02-04 05:03:20
46951,want you BAD,Positive,1,Bill,2026-02-04 05:04:03
99995,GOTTA SHOOT HIM MORE TIMES,Positive,5,Bill,2026-02-04 05:04:43
59411,"I hope Zoe wins xD. I’m a Zoe main and she’s just so fun!! People get so trolled by the bubble, and her voice lines are so cute like when she sings about chocolate cake LOL! She’s super random but also smarter than she looks, just like me xD",Positive,2,Bill,2026-02-04 05:05:11
86929,USE NEW GEAR XQC,Positive,3,Bill,2026-02-04 05:06:00
14774,TOURRR,Positive,4,Bill,2026-02-04 05:07:34
62711,YOOOOOOOOOOOOOOO,Positive,4,Bill,2026-02-04 05:08:42
36739,FINALLY,Positive,3,Bill,2026-02-04 05:09:03
94066,ADD EVIL AHHHHHHH,Positive,2,Bill,2026-02-04 05:09:46
42618,HAH,Positive,2,Bill,2026-02-04 05:12:45
68112,TYPE SHITTTTT,Positive,4,Bill,2026-02-04 05:13:47
87109,SAVED,Positive,2,Bill,2026-02-04 05:15:56
69853,OPINIONS FEMBOYS,Positive,2,Bill,2026-02-04 05:18:20
81899,OOOO LIVE,Positive,3,Bill,2026-02-04 05:18:54
33028,OFCCCC,Positive,2,Bill,2026-02-04 05:19:03
28390,BRO LETS,Positive,4,Bill,2026-02-04 05:19:47
20465,NICE,Positive,2,Bill,2026-02-04 05:20:33
93161,PLAY RESIDENT EVIL,Positive,4,Bill,2026-02-04 05:20:44
83353,GETCHA GETCHA GETCHA,Positive,1,Bill,2026-02-04 05:23:28
88912,OMGGGGGGGG LMAOOOOOO,Positive,2,Bill,2026-02-04 05:23:45
40795,LEFT WAS WORKING,Positive,1,Bill,2026-02-04 05:24:02
62281,EASIEST POINTS EVER AAAHHHH,Positive,5,Bill,2026-02-04 05:24:09
90360,GOOOOOOBERRRRRRR GOOOOOOBERRRR ITS DEMO PLAY DIFF GAME,Positive,3,Bill,2026-02-04 05:24:47
16985,WOOOOOOOOAAHAHAHAHAHHAHAHHAHH,Positive,4,Bill,2026-02-04 05:25:26
88927,Pog FINALLY,Positive,2,Bill,2026-02-04 05:25:59
13234,ITS DOG,Positive,5,Bill,2026-02-04 05:26:08
96834,HUBERT,Positive,1,Bill,2026-02-04 05:27:11
38772,LOCKKK INNNNN CHATTTTT,Positive,3,Bill,2026-02-04 05:28:10
53359,BROOOOOOOOOO,Positive,2,Bill,2026-02-04 05:30:23
34886,TRUEEEEE,Positive,2,Bill,2026-02-04 05:32:20
21943,YOU SMOKE THE DREEWWW,Positive,3,Bill,2026-02-04 05:34:20
52475,BOOM,Positive,2,Bill,2026-02-04 05:35:55
53475,yippee,Positive,3,Bill,2026-02-04 05:36:28
13145,LETSGO VEDAL REDEEMED HIMSELF LETSGO VEDAL REDEEMED HIMSELF LETSGO VEDAL REDEEMED HIMSELF LETSGO VEDAL REDEEMED HIMSELF LETSGO VEDAL REDEEMED HIMSELF LETSGO VEDAL REDEEMED HIMSELF,Positive,5,Bill,2026-02-04 05:37:55
30075,PECAN NEXTT,Positive,5,julian,2026-02-04 23:10:18
82073,THE RULER TAKING OUT,Positive,5,julian,2026-02-04 23:10:22
28072,REALLY,Positive,4,julian,2026-02-04 23:12:37
16489,LEAVES,Positive,4,julian,2026-02-04 23:13:14
96447,DEAL,Positive,5,julian,2026-02-04 23:21:50
24992,SEXO,Positive,5,julian,2026-02-04 23:22:03
31695,BLACK ISH AND EVERYBODY HATE CHRIS CRAZY BRO,Positive,5,julian,2026-02-04 23:22:09
17610,Pog,Positive,4,julian,2026-02-04 23:22:15
52801,catJAM WE KICKED A KID catJAM UNITED catJAM WE KICKED A KID catJAM UNITED catJAM WE KICKED A KID catJAM UNITED catJAM WE KICKED A KID catJAM UNITED,Positive,5,julian,2026-02-04 23:23:15
75413,BOOM BOOM BOOM BOOM BOOM,Positive,5,julian,2026-02-04 23:24:06
79746,DIDNT,Positive,5,julian,2026-02-04 23:24:16
71273,wtf,Positive,4,julian,2026-02-04 23:25:01
13613,EZ Life Steal Whip,Positive,4,julian,2026-02-04 23:25:18
61495,WOOOOO,Positive,5,julian,2026-02-04 23:25:21
64335,OMEGALUL 󠀀,Positive,4,julian,2026-02-04 23:28:04
99327,WAS THAT YESTERDAY,Positive,4,julian,2026-02-04 23:28:16
26281,VOCALS CRANBERRIES,Positive,5,julian,2026-02-04 23:28:44
25020,NOOOOOOOOOO,Positive,4,julian,2026-02-04 23:29:27
92779,wwwwwwwwwwwwww,Positive,4,julian,2026-02-04 23:29:53
40337,WWWWWWW,Positive,5,julian,2026-02-04 23:31:28
25472,HUSBAND,Positive,5,julian,2026-02-04 23:31:45
64334,www,Positive,4,julian,2026-02-04 23:31:49
44639,WTF,Positive,5,julian,2026-02-04 23:31:55
68714,OMEGALUL sister,Positive,5,julian,2026-02-04 23:31:58
30604,LMAOOOO,Positive,5,julian,2026-02-04 23:33:02
80781,PLAY SHCEDULE MANEGA,Positive,5,julian,2026-02-04 23:33:37
59286,THE DESK,Positive,5,julian,2026-02-04 23:33:43
81673,LOL,Positive,5,julian,2026-02-04 23:33:56
96804,STREAM,Positive,5,julian,2026-02-04 23:34:11
25463,GUARDS,Positive,5,julian,2026-02-04 23:34:37
12017,KALLIM POUR,Positive,5,julian,2026-02-04 23:34:47
27467,MYTH,Positive,5,julian,2026-02-04 23:34:50
57452,SCHIZO,Positive,5,julian,2026-02-04 23:34:53
80333,OMEGALUL,Positive,5,julian,2026-02-04 23:35:54
63792,LETSGO RED,Positive,5,julian,2026-02-04 23:36:11
61101,LOL,Positive,4,julian,2026-02-04 23:36:21
12640,ICANT,Positive,4,julian,2026-02-04 23:36:40
37058,SUPAGLOO,Positive,4,julian,2026-02-04 23:36:43
68848,get outta here 😂😂😂😂,Positive,4,julian,2026-02-04 23:36:49
90148,AINTNOWAY,Positive,4,julian,2026-02-04 23:37:10
19852,TASTY,Positive,4,julian,2026-02-04 23:37:13
59795,she said you sell p***y lol lord 😂😂😂😂,Positive,4,julian,2026-02-04 23:37:45
22770,NOOO,Positive,4,julian,2026-02-04 23:38:09
14786,SERIOUSLY REALLY,Positive,5,julian,2026-02-04 23:38:45
12797,OMEGALUL,Positive,5,julian,2026-02-04 23:38:52
77285,wwwww,Positive,5,julian,2026-02-04 23:39:10
12052,WAIT FOR,Positive,5,julian,2026-02-04 23:39:49
43993,AINTNOWAY,Positive,5,julian,2026-02-04 23:39:57
38014,SUBSCRIBE HERE FOR ADS,Positive,5,julian,2026-02-04 23:40:06
85938,Pog,Positive,4,julian,2026-02-04 23:40:10
32730,MAN,Positive,4,julian,2026-02-04 23:40:39
24364,LULW,Positive,5,julian,2026-02-04 23:41:46
61030,COOKED,Positive,5,julian,2026-02-04 23:41:49
62853,GET KAIIIIIIIII,Positive,5,julian,2026-02-04 23:41:56
16010,NOWAYING,Positive,5,julian,2026-02-04 23:42:08
90259,OHHH,Positive,5,julian,2026-02-04 23:42:27
36028,FORTNITE LORE,Positive,5,julian,2026-02-04 23:42:33
43797,Pog,Positive,5,julian,2026-02-04 23:42:37
66192,HYPERS,Positive,5,julian,2026-02-04 23:43:08
84217,ALTT,Positive,5,julian,2026-02-04 23:43:42
62797,holy heck,Positive,4,julian,2026-02-04 23:43:53
70867,LULW CHATTA,Positive,5,julian,2026-02-04 23:43:58
22784,TRUE,Positive,5,julian,2026-02-04 23:44:07
56800,LEAKED,Positive,5,julian,2026-02-04 23:44:20
89985,SMH,Positive,5,julian,2026-02-04 23:44:23
74371,NOOO,Positive,5,julian,2026-02-04 23:44:45
87395,PINK,Positive,4,julian,2026-02-04 23:45:11
20654,OOOO,Positive,5,julian,2026-02-04 23:45:14
71945,Mad OMEGALUL,Positive,4,julian,2026-02-04 23:45:30
81439,Chatting  BABY,Positive,4,julian,2026-02-04 23:45:37
58084,LMFAO,Positive,5,julian,2026-02-04 23:46:02
41945,SINK,Positive,5,julian,2026-02-04 23:46:07
63912,GIFT NIZZY_,Positive,5,julian,2026-02-04 23:46:09
22501,SMILE FOCUS,Positive,5,julian,2026-02-04 23:46:12
65799,AHHAHAHAHAHAHAHHAHAHAAHHAHAHAAHHA,Positive,5,julian,2026-02-04 23:46:23
65383,SUSSYFILLY,Positive,4,julian,2026-02-04 23:47:09
39550,SKIP IT,Positive,5,julian,2026-02-04 23:47:18
80729,IT'S ALL OVER THE SCREEN LOVE YOU LUCIFER,Positive,5,julian,2026-02-04 23:47:25
10447,LMAO,Positive,5,julian,2026-02-04 23:47:33
51466,DOXXED,Positive,5,julian,2026-02-04 23:48:04
70879,RENEK STREAM SNIPING,Positive,5,julian,2026-02-04 23:48:21
96126,LMAOAOAOA,Positive,5,julian,2026-02-04 23:48:40
70940,LOOOL,Positive,5,julian,2026-02-04 23:49:08
75509,FUCKING CANT,Positive,5,julian,2026-02-04 23:49:12
84363,BRUISING,Positive,5,julian,2026-02-04 23:49:20
65508,"@wrangler02, MEOW",Positive,5,julian,2026-02-04 23:49:41
63981,NOOO,Positive,5,julian,2026-02-04 23:49:54
54380,WAYTOODANK,Positive,5,julian,2026-02-04 23:50:03
54607,FO IT,Positive,4,julian,2026-02-04 23:50:20
86219,LEAGUE OMEGALUL F LEGENDS,Positive,5,julian,2026-02-04 23:50:35
86489,logan_carp played Alert: TJAYYYYYYYYYYYYYYYYYYYY,Positive,5,julian,2026-02-04 23:50:48
16245,SMH,Positive,5,julian,2026-02-04 23:50:59
40697,SCAMMED,Positive,5,julian,2026-02-04 23:51:02
19163,THTS CHUCKY FASHO,Positive,5,julian,2026-02-04 23:51:08
17388,AYO,Positive,5,julian,2026-02-04 23:51:11
96713,THAT COULD TRUE SOUNDS TRUE,Positive,5,julian,2026-02-04 23:51:26
86039,WWWW,Positive,5,julian,2026-02-04 23:51:37
49658,WHOLE,Positive,4,julian,2026-02-05 05:01:41
81258,GIFT MEEEEEEEE,Positive,5,julian,2026-02-05 05:02:11
22107,LOL,Positive,5,julian,2026-02-05 05:02:26
88880,STREAM,Positive,5,julian,2026-02-05 05:08:15
53900,CAN YOU TALK THE CHARACTER PEOPLE,Positive,4,julian,2026-02-05 05:08:33
24242,AURA,Positive,5,julian,2026-02-05 05:09:05
43140,MINI,Positive,5,julian,2026-02-05 10:18:31
71211,ICANT,Positive,5,julian,2026-02-05 10:18:44
44161,LULW,Positive,5,julian,2026-02-05 10:19:10
46619,READING CARPET,Positive,5,julian,2026-02-05 10:19:40
54620,LOL,Positive,5,julian,2026-02-05 10:20:04
86108,WWWWWWWWWWW,Positive,5,julian,2026-02-05 10:20:07
94890,WAJAJA,Positive,5,julian,2026-02-05 10:20:22
59647,AUBREY,Positive,5,julian,2026-02-05 10:20:30
94039,LOL,Positive,5,julian,2026-02-05 10:20:32
37178,GIGANEURO,Positive,5,julian,2026-02-05 10:20:34
62671,GLITCHED,Positive,5,julian,2026-02-05 10:20:54
34623,WWWWW,Positive,5,julian,2026-02-05 10:21:05
61966,CANT SEE,Positive,4,julian,2026-02-05 10:22:15
73967,BOOM,Positive,5,julian,2026-02-05 10:22:24
10197,LETSGO,Positive,5,julian,2026-02-05 10:23:24
65359,DANGGGGG,Positive,4,julian,2026-02-05 10:24:16
90822,I USUALLY HAVETO PAY MONTHLY FOR THIS,Positive,5,julian,2026-02-05 10:24:27
78400,WWWWWWWWWWWWWW,Positive,5,julian,2026-02-05 10:24:29
73921,PogChamp,Positive,5,julian,2026-02-05 10:24:32
78158,SEE Pog,Positive,5,julian,2026-02-05 10:24:35
55997,COOKED,Positive,5,julian,2026-02-05 10:24:50
51616,BROTHA MAN BROTHAAA,Positive,5,julian,2026-02-05 10:25:07
98772,OMEGALUL,Positive,5,julian,2026-02-05 10:25:12
17852,BLUE SOCKS,Positive,5,julian,2026-02-05 10:25:15
68081,LMFAOAOAOOAOAO,Positive,5,julian,2026-02-05 10:25:17
56460,SPONG,Positive,5,julian,2026-02-05 10:25:54
72117,YES ACTUALLY VACCINE DERIVED FROM THE WORD COW,Positive,5,julian,2026-02-05 10:25:57
13284,LETSGO,Positive,5,julian,2026-02-05 10:26:21
23970,riot shit but GGG pog,Positive,4,julian,2026-02-05 10:26:35
44175,ADHD,Positive,4,julian,2026-02-05 10:26:52
81446,muscleeee,Positive,4,julian,2026-02-05 10:27:19
63085,yo check car trunk,Neutral,4,Jason,2026-02-01 04:58:08
21645,2-1,Neutral,3,Jason,2026-02-01 05:05:34
57714,NOTED,Neutral,5,Jason,2026-02-01 05:06:01
33420,Bye,Neutral,5,Jason,2026-02-01 05:09:58
44741,you'll vital,Neutral,4,Jason,2026-02-01 05:10:50
34772,Nah it's not skill issue it's just par,Neutral,3,Jason,2026-02-01 05:11:55
42716,got for sure,Neutral,4,Jason,2026-02-01 05:14:20
35234,they need side table,Neutral,3,Jason,2026-02-01 05:18:14
85324,where dexter lives,Neutral,4,Jason,2026-02-01 05:20:09
99228,you have too many pants @sodapoppin,Neutral,4,Jason,2026-02-01 05:20:46
48572,evil actually sweet,Neutral,4,Jason,2026-02-01 05:22:38
49899,free,Neutral,3,Jason,2026-02-01 05:23:08
27366,queue,Neutral,3,Jason,2026-02-01 05:25:07
33522,just click again,Neutral,4,Jason,2026-02-01 05:25:16
81975,classic family guys,Neutral,2,Jason,2026-02-01 05:26:01
21534,huh,Neutral,4,Jason,2026-02-01 05:28:33
20085,max birds,Neutral,3,Jason,2026-02-01 05:29:09
97782,you have money,Neutral,4,Jason,2026-02-01 05:29:58
47688,Bye have great day,Neutral,4,Jason,2026-02-01 05:35:21
42491,NOTED,Neutral,5,Jason,2026-02-01 05:36:50
36950,like walking into dollar general and door front pulls open,Neutral,3,Jason,2026-02-01 05:37:38
95784,normal,Neutral,5,Jason,2026-02-01 19:15:23
89083,NPC= Non,Neutral,3,Jason,2026-02-01 19:16:37
78771,Stare ............,Neutral,3,Jason,2026-02-01 19:18:39
11023,Did she get caught her own trap,Neutral,4,Jason,2026-02-01 19:19:30
25884,stalling,Neutral,3,Jason,2026-02-01 19:19:50
73643,more miku,Neutral,5,Jason,2026-02-01 19:19:56
98832,the graphic,Neutral,5,Jason,2026-02-01 19:20:13
26135,case thote you died,Neutral,4,Jason,2026-02-01 19:20:21
47877,Not yet,Neutral,3,Jason,2026-02-01 19:20:52
92781,monsters agro you more,Neutral,5,Jason,2026-02-01 19:20:57
97300,actually the and the despise soooo,Neutral,4,Jason,2026-02-01 19:24:10
14199,from new york,Neutral,4,Jason,2026-02-01 19:30:28
19958,5/1 to 7/6,Neutral,3,Jason,2026-02-01 19:31:57
63172,download,Neutral,3,Jason,2026-02-01 19:33:49
67145,nerm,Neutral,3,Jason,2026-02-01 19:34:23
73895,you can,Neutral,3,Jason,2026-02-01 19:34:49
79433,pause,Neutral,4,Jason,2026-02-01 19:36:55
69136,it’s very good,Neutral,3,Jason,2026-02-01 19:37:15
38420,"when you level bible you get double bibles for like 5 seconds, rush into large groups with it",Neutral,5,Jason,2026-02-01 19:40:17
91401,you would look silly that,Neutral,3,Jason,2026-02-01 19:41:02
58376,play,Neutral,3,Jason,2026-02-02 20:55:53
15820,it's ok,Neutral,4,Jason,2026-02-02 20:55:58
29481,NEW MAP,Neutral,2,Jason,2026-02-02 20:57:30
53943,man made construct control the working world,Neutral,3,Jason,2026-02-02 20:58:02
11889,You should check out,Neutral,5,Jason,2026-02-02 20:59:07
37796,holding for life,Neutral,2,Jason,2026-02-02 20:59:13
15010,Hmm,Neutral,5,Jason,2026-02-02 21:01:42
23221,I'm back,Neutral,5,Jason,2026-02-02 21:01:50
80618,Hey everyone,Neutral,5,Jason,2026-02-02 21:02:10
41261,pillow cushioning,Neutral,3,Jason,2026-02-02 21:02:34
38536,mhm,Neutral,5,Jason,2026-02-02 21:02:59
46052,mhm true,Neutral,4,Jason,2026-02-02 21:03:24
56687,she BUILDING TRUST and then asking,Neutral,5,Jason,2026-02-02 21:04:27
97589,grandpa vedal VEDAL gets grandchildren before chacha,Neutral,5,Jason,2026-02-02 21:05:13
90198,whats her gram,Neutral,3,Jason,2026-02-02 21:05:36
28749,wants share his cream think,Neutral,3,Jason,2026-02-02 21:06:04
35877,wrong asl,Neutral,3,Jason,2026-02-02 21:06:38
53409,mhm,Neutral,5,Jason,2026-02-02 21:07:53
17047,thats why its tickly,Neutral,4,Jason,2026-02-02 21:09:11
17201,you can wrestle the dudes too you get close grabe their legs just click select and you can throw them bit,Neutral,5,Jason,2026-02-02 21:09:52
51266,check first room,Neutral,5,Jason,2026-02-02 21:10:00
83358,how many candles are the house,Neutral,5,Jason,2026-02-02 21:10:14
66275,security was suppose put them niggas they back gang,Neutral,3,Jason,2026-02-02 21:10:32
92971,well thats oled,Neutral,5,Jason,2026-02-02 21:11:32
15199,Chatting vkey,Neutral,5,Jason,2026-02-02 21:12:05
38859,straight ran through,Neutral,4,julian,2026-02-02 22:10:40
39546,Bigl386,Neutral,3,julian,2026-02-02 22:12:21
33757,my balls itch @sodapoppin,Neutral,4,Jason,2026-02-03 03:49:11
12915,oddjob always banned when played with family lol,Neutral,3,Jason,2026-02-03 03:49:43
40312,password easy remember,Neutral,5,Jason,2026-02-03 03:54:29
26495,enter,Neutral,5,Jason,2026-02-03 03:54:32
64845,for aspen trees yes,Neutral,5,Jason,2026-02-03 03:54:56
23854,connection,Neutral,5,Jason,2026-02-03 03:55:43
51242,combo,Neutral,3,Jason,2026-02-03 03:56:06
37367,Hey evil play ghoul FTK that evil enough,Neutral,4,Jason,2026-02-03 03:57:08
76873,exactly,Neutral,3,Jason,2026-02-03 03:57:49
88096,filian hey chat,Neutral,4,Jason,2026-02-03 03:58:21
76580,Maybe this is like the opening credits,Neutral,5,Jason,2026-02-03 03:59:01
35371,paypal,Neutral,3,Jason,2026-02-03 03:59:28
83984,doesnt exist thankfully,Neutral,4,Jason,2026-02-03 04:00:27
84307,pepegeThink what will today be?,Neutral,5,Jason,2026-02-03 04:01:22
29238,docPls midnight society,Neutral,5,Jason,2026-02-03 04:01:38
10462,would eat pokemon,Neutral,4,Jason,2026-02-03 04:01:56
28925,checks out tbh,Neutral,5,Jason,2026-02-03 04:02:05
35981,"I hope Zoe wins xD. I’m a Zoe main and she’s just so fun!! People get so trolled by the bubble, and her voice lines are so cute like when she sings about chocolate cake LOL! She’s super random but also smarter than she looks, just like me xD",Neutral,5,Jason,2026-02-03 04:02:19
56514,waddup,Neutral,5,Jason,2026-02-03 04:02:57
44330,pretty much,Neutral,5,Jason,2026-02-03 04:03:18
49164,watch an isle of man pov vid,Neutral,5,Jason,2026-02-03 04:04:00
99787,adapt buy some for the new house,Neutral,4,Jason,2026-02-03 04:04:52
55834,The day still young,Neutral,5,Jason,2026-02-03 04:05:04
40470,quest related,Neutral,5,Jason,2026-02-03 04:05:13
40317,binary,Neutral,5,Jason,2026-02-03 04:06:22
67582,some of us i guess i dont know,Neutral,4,Jason,2026-02-03 04:06:32
28370,mhm,Neutral,3,Jason,2026-02-03 04:06:48
78664,mmmmmmm,Neutral,5,Jason,2026-02-03 04:08:29
33559,only hour,Neutral,4,Jason,2026-02-03 04:09:40
25889,you confuse her,Neutral,3,Jason,2026-02-03 04:10:32
15441,ITS SPY GLASS,Neutral,3,julian,2026-02-04 03:43:12
48129,medicine,Neutral,4,julian,2026-02-04 03:43:40
36933,tracer + aoe dmg,Neutral,5,julian,2026-02-04 03:43:56
69167,OSRS used not case sensitive and caused lot people lose accounts,Neutral,4,julian,2026-02-04 03:44:52
61615,why cant i see explaining emote,Neutral,4,julian,2026-02-04 03:45:26
74667,wtf,Neutral,4,julian,2026-02-04 03:45:38
55265,sodaSneeze,Neutral,5,julian,2026-02-04 03:46:39
26845,brrooooooo,Neutral,5,julian,2026-02-04 03:49:23
76792,she not dead but sleepeth she not dead all,Neutral,4,julian,2026-02-04 03:49:55
17980,Its because lee is overloaded af,Neutral,4,julian,2026-02-04 03:50:00
22862,just keep playing,Neutral,5,julian,2026-02-04 03:51:42
57403,"You can play him mid its fine, just change the role in u gg",Neutral,5,julian,2026-02-04 03:51:57
79348,Idk,Neutral,5,julian,2026-02-04 03:53:34
34490,tripping,Neutral,4,julian,2026-02-04 03:56:29
29165,slappin the horror games ngl,Neutral,4,julian,2026-02-04 03:57:33
16086,think deep,Neutral,3,Bill,2026-02-04 03:59:07
17940,restart,Neutral,4,julian,2026-02-04 03:59:32
80986,raiders from Luminbeewisp_915 have joined,Neutral,5,julian,2026-02-04 04:00:08
96491,EZ Clap,Neutral,2,Bill,2026-02-04 04:00:25
42379,just ingame taxes KEKW,Neutral,3,Bill,2026-02-04 04:00:53
58478,"who is more depressed, LoL players or #PositiveVibes twitter users?",Neutral,4,Bill,2026-02-04 04:01:18
35483,word,Neutral,5,julian,2026-02-04 04:03:01
34503,think she made first,Neutral,4,julian,2026-02-04 04:04:04
94896,20x,Neutral,4,julian,2026-02-04 04:04:11
39390,accsuseries,Neutral,4,julian,2026-02-04 04:04:17
11721,maybe,Neutral,4,Bill,2026-02-04 04:05:04
19720,yoooo,Neutral,4,Bill,2026-02-04 04:05:38
35468,xQc,Neutral,3,Bill,2026-02-04 04:05:58
76105,why choc chip sharing stream with boy and,Neutral,4,julian,2026-02-04 04:06:44
87593,yeah him,Neutral,3,Bill,2026-02-04 04:07:10
90994,just buy planter boxes and use them as platforms.,Neutral,5,julian,2026-02-04 04:07:25
77803,mhm,Neutral,4,Bill,2026-02-04 04:08:03
52686,"Dunno, but normal games are normally easier to learn cus ppl are less tryhard",Neutral,5,Bill,2026-02-04 04:09:21
66595,google docky,Neutral,5,julian,2026-02-04 04:09:26
93277,Clueless,Neutral,5,julian,2026-02-04 04:09:33
25889,get some tea,Neutral,4,Bill,2026-02-04 04:09:39
32330,cosmetic officer KEKW,Neutral,4,julian,2026-02-04 04:10:12
11724,FAST moon2WALK 🇧🇷,Neutral,4,julian,2026-02-04 04:10:17
27523,over worked,Neutral,2,Bill,2026-02-04 04:10:47
17065,mmhmm,Neutral,4,Bill,2026-02-04 04:11:08
18249,its codning practice,Neutral,3,Bill,2026-02-04 04:11:40
18203,New room huh,Neutral,4,Bill,2026-02-04 04:11:49
52748,what,Neutral,2,Bill,2026-02-04 04:11:56
46245,SMH,Neutral,2,Bill,2026-02-04 04:13:56
86944,hiii,Neutral,3,Bill,2026-02-04 04:14:24
23313,VALID RUN,Neutral,1,Bill,2026-02-04 04:15:13
82782,ur so slow LULW,Neutral,1,Bill,2026-02-04 04:15:35
80971,I don't have it,Neutral,3,Bill,2026-02-04 04:15:56
10626,soda is banned guys this chat is all a dream,Neutral,4,Bill,2026-02-04 04:16:27
66007,MUTED STREAMER,Neutral,1,Bill,2026-02-04 04:18:17
78817,can you plssss restart just joined,Neutral,2,Bill,2026-02-04 04:18:49
34007,reddit karma,Neutral,2,Bill,2026-02-04 04:18:55
14502,look Zoe,Neutral,2,Bill,2026-02-04 04:19:09
63242,Pog Pringels are the best,Neutral,2,Bill,2026-02-04 04:20:43
98111,gonna see fert get arrested,Neutral,3,Bill,2026-02-04 04:20:59
97332,use sunscreen,Neutral,4,Bill,2026-02-04 04:21:13
75101,how follow the category,Neutral,3,Bill,2026-02-04 04:22:12
51495,bye bye,Neutral,4,Bill,2026-02-04 04:22:52
84863,scream will follow your orders,Neutral,4,Bill,2026-02-04 04:22:56
50373,yea im going to play some fricking league rn,Neutral,3,Bill,2026-02-04 04:23:04
92070,you’re playing PUBG,Neutral,3,Bill,2026-02-04 04:23:08
25647,haven't been counting how many fails,Neutral,3,Bill,2026-02-04 04:27:42
65122,Brb💜😊,Neutral,3,Bill,2026-02-04 04:28:17
28643,are you tired,Neutral,4,Bill,2026-02-04 04:30:38
42281,can feel their pain recording that,Neutral,3,Bill,2026-02-04 04:31:55
21402,Hey neuro when's the collab,Neutral,4,Bill,2026-02-04 04:32:50
15215,dont see the problem here,Neutral,3,Bill,2026-02-04 04:33:03
10601,please slow mode,Neutral,2,Bill,2026-02-04 04:35:02
31703,AINT WAY,Neutral,1,Bill,2026-02-04 04:36:39
18610,sometimes,Neutral,2,Bill,2026-02-04 04:37:08
43751,She broke her tailbone,Neutral,3,Bill,2026-02-04 04:38:27
50540,ong,Neutral,2,Bill,2026-02-04 04:38:38
89704,Foster the People - Helena Beat <-- is the song,Neutral,3,Bill,2026-02-04 04:38:51
55988,I'm thinking they're really doing work and considering the third faction the freman,Neutral,1,Bill,2026-02-04 04:39:21
84586,yeah you would eat,Neutral,1,Bill,2026-02-04 04:39:39
78018,how big tho,Neutral,4,Bill,2026-02-04 04:41:51
23681,SKSKSKSKSSK,Neutral,1,Bill,2026-02-04 04:43:32
74567,no :),Neutral,2,Bill,2026-02-04 04:43:51
61882,depends on play style,Neutral,3,Bill,2026-02-04 04:44:37
21218,don't scream this time,Neutral,2,Bill,2026-02-04 04:44:47
94244,can you think cool name for tame crocodile,Neutral,2,Bill,2026-02-04 04:46:23
82313,defend,Neutral,1,Bill,2026-02-04 04:46:57
80714,latency,Neutral,1,Bill,2026-02-04 04:47:18
94976,Nuh you gon eat them,Neutral,2,Bill,2026-02-04 04:48:36
76604,Tarron78 from what understand corruption debuffs you but the corruption added from repair tiny and only adds over time,Neutral,1,Bill,2026-02-04 04:49:04
17414,Buddy still around?,Neutral,2,Bill,2026-02-04 04:49:52
48583,please please just end its suffering,Neutral,3,Bill,2026-02-04 04:50:03
84146,don't blow,Neutral,3,Bill,2026-02-04 04:50:08
87108,bro,Neutral,2,Bill,2026-02-04 04:50:30
46239,kai see this shout out🙏🏾,Neutral,2,Bill,2026-02-04 04:51:08
49242,blood,Neutral,1,Bill,2026-02-04 04:51:39
24926,brazil,Neutral,1,Bill,2026-02-04 04:53:04
82774,too little,Neutral,2,Bill,2026-02-04 04:53:51
15390,hey new room,Neutral,5,Bill,2026-02-04 04:53:59
24607,projecting your voice but not too loud,Neutral,3,Bill,2026-02-04 04:57:35
32217,stop smoking it's terrible for your health,Neutral,4,Bill,2026-02-04 04:58:27
37325,dont call yourself DEI lmao,Neutral,2,Bill,2026-02-04 04:58:47
21900,Not even competition,Neutral,5,Bill,2026-02-04 04:58:55
98942,I’m folding immediately,Neutral,4,Bill,2026-02-04 04:59:38
75545,Who's your internet provider lol,Neutral,4,Bill,2026-02-04 05:00:31
24883,easy peasy,Neutral,2,Bill,2026-02-04 05:00:51
47462,just wait,Neutral,2,Bill,2026-02-04 05:01:45
31377,who that,Neutral,3,Bill,2026-02-04 05:03:35
29016,What's your excuse Totally-Not-Unemployed,Neutral,1,Bill,2026-02-04 05:03:46
30745,hey it’s birthday today and could you please say happy birthday,Neutral,2,Bill,2026-02-04 05:04:17
36725,poll time,Neutral,2,Bill,2026-02-04 05:05:27
82240,She does have heart pin,Neutral,3,Bill,2026-02-04 05:06:13
24305,are you wearing pants today taking survey,Neutral,2,Bill,2026-02-04 05:06:43
35988,you sold your soul,Neutral,3,Bill,2026-02-04 05:07:25
96078,kill,Neutral,1,Bill,2026-02-04 05:08:35
99395,shit rare,Neutral,2,Bill,2026-02-04 05:09:38
70815,read every message,Neutral,2,Bill,2026-02-04 05:10:05
41822,shoulda used verizon lmao,Neutral,3,Bill,2026-02-04 05:10:16
59755,sure,Neutral,2,Bill,2026-02-04 05:10:25
75232,think that counts,Neutral,3,Bill,2026-02-04 05:10:50
25254,bomb em,Neutral,1,Bill,2026-02-04 05:11:02
80521,unban the funny ones for that reason,Neutral,2,Bill,2026-02-04 05:11:38
81180,ask an adult for help,Neutral,3,Bill,2026-02-04 05:13:15
67519,You gota remember dupes,Neutral,3,Bill,2026-02-04 05:14:08
42255,go near them,Neutral,2,Bill,2026-02-04 05:14:29
19284,if you lose the fight you lose more than the inhib,Neutral,2,Bill,2026-02-04 05:14:36
90577,you,Neutral,1,Bill,2026-02-04 05:15:42
75314,awww,Neutral,1,Bill,2026-02-04 05:16:20
52615,are you then,Neutral,2,Bill,2026-02-04 05:16:54
29349,absolutepz1 hmmmmmmmmmm let think,Neutral,2,Bill,2026-02-04 05:17:00
22329,dig a hole,Neutral,3,Bill,2026-02-04 05:17:15
31119,new game plus accessed from flag after you load the save,Neutral,1,Bill,2026-02-04 05:17:48
14601,when will win half sword without using fly hack,Neutral,1,Bill,2026-02-04 05:17:55
28862,The truth will set you free,Neutral,4,Bill,2026-02-04 05:18:33
10564,You used to pet kevin Sadge @sodapoppin,Neutral,1,Bill,2026-02-04 05:18:49
77106,waterrrrrrrrrr,Neutral,1,Bill,2026-02-04 05:20:10
63025,Im making sure of it,Neutral,2,Bill,2026-02-04 05:21:05
86010,1080p fps,Neutral,2,Bill,2026-02-04 05:22:39
13475,merchant from who would love hear about your complaints,Neutral,2,Bill,2026-02-04 05:23:13
22171,tell ray check his dms,Neutral,3,Bill,2026-02-04 05:23:33
38342,touch the fist,Neutral,2,Bill,2026-02-04 05:25:11
49667,She looks peaceful for once,Neutral,5,Bill,2026-02-04 05:25:19
72032,was there for most these streams facts,Neutral,2,Bill,2026-02-04 05:25:43
89355,Are there two vents usually,Neutral,2,Bill,2026-02-04 05:26:42
28194,who are they,Neutral,4,Bill,2026-02-04 05:26:50
61702,k1llersqu1rl check your headphone jack,Neutral,3,Bill,2026-02-04 05:27:03
40531,And protects your queen mhm,Neutral,3,Bill,2026-02-04 05:28:18
15797,"fuck im so drunk , i didnt realised until dat",Neutral,2,Bill,2026-02-04 05:29:59
91110,None left,Neutral,3,Bill,2026-02-04 05:30:17
15247,expelled already damn lol,Neutral,2,Bill,2026-02-04 05:30:33
60229,not the huzz,Neutral,3,Bill,2026-02-04 05:32:02
30847,WORKED THERE,Neutral,2,Bill,2026-02-04 05:32:46
96949,garage sim?,Neutral,3,Bill,2026-02-04 05:32:51
53541,want make some fan animation and realistic and I'm confused like should start from unreal engine anime blender,Neutral,2,Bill,2026-02-04 05:33:33
86521,WEARING SAME PANTS FOR THE PAST 2-3DAYS HOMIE,Neutral,2,Bill,2026-02-04 05:34:37
65698,whaaaaat,Neutral,2,Bill,2026-02-04 05:34:58
39429,Are you kid,Neutral,4,Bill,2026-02-04 05:35:15
30864,dont forget to pee,Neutral,4,Bill,2026-02-04 05:35:39
52673,lil more than hundred left,Neutral,3,Bill,2026-02-04 05:37:28
95515,fits more with the vibe,Neutral,3,Bill,2026-02-04 05:37:42
50433,sup everyone sodaWave,Neutral,5,Bill,2026-02-04 05:37:47
65994,why not outside,Neutral,2,Bill,2026-02-04 05:38:07
37234,maybe clear your jungle,Neutral,3,Bill,2026-02-04 05:39:16
28882,stabbed urself his sword,Neutral,4,julian,2026-02-04 23:10:34
88497,treasure,Neutral,4,julian,2026-02-04 23:10:37
42077,3rd guy you're roll,Neutral,4,julian,2026-02-04 23:11:22
79659,and now why doesn't outside anymore,Neutral,4,julian,2026-02-04 23:12:30
26087,felt wrong for 3rd phase,Neutral,4,julian,2026-02-04 23:12:42
28037,Cheer1000 honestly formula one harder than both those sports just watch their crashes,Neutral,5,julian,2026-02-04 23:21:58
19095,@sodapoppin you want farm until 6,Neutral,4,julian,2026-02-04 23:23:59
81635,bro your face,Neutral,4,julian,2026-02-04 23:24:52
81514,yeat,Neutral,4,julian,2026-02-04 23:25:09
58066,more,Neutral,4,julian,2026-02-04 23:25:14
35272,that's spencive investment but really nice for immersion,Neutral,5,julian,2026-02-04 23:25:29
72921,next year WW3 mhm,Neutral,5,julian,2026-02-04 23:25:40
52887,Kappa,Neutral,4,julian,2026-02-04 23:26:01
42642,Seaweed,Neutral,4,julian,2026-02-04 23:27:04
92257,moon2O,Neutral,4,julian,2026-02-04 23:27:18
43219,glider,Neutral,4,julian,2026-02-04 23:27:58
41941,the heat,Neutral,4,julian,2026-02-04 23:28:39
93640,right,Neutral,4,julian,2026-02-04 23:28:51
11013,he does,Neutral,4,julian,2026-02-04 23:29:03
47329,"@schnaidah, pokiWave",Neutral,4,julian,2026-02-04 23:29:21
57316,Denmark,Neutral,4,julian,2026-02-04 23:30:44
39232,2PM PST,Neutral,4,julian,2026-02-04 23:31:14
55199,need,Neutral,4,julian,2026-02-04 23:31:21
52094,PVP totally optional,Neutral,5,julian,2026-02-04 23:31:33
86431,died for your memes Cheer100,Neutral,4,julian,2026-02-04 23:31:39
89354,NOTED wont type numbers at all,Neutral,4,julian,2026-02-04 23:32:19
70383,play,Neutral,4,julian,2026-02-04 23:32:29
89449,Clueless,Neutral,4,julian,2026-02-04 23:33:50
75132,PauseChamp,Neutral,4,julian,2026-02-04 23:34:32
19850,shaved head,Neutral,4,julian,2026-02-04 23:35:47
64485,Bob it's should have moved from this already,Neutral,4,julian,2026-02-04 23:37:01
41453,get the top jump off,Neutral,4,julian,2026-02-04 23:38:01
42510,@Gnightfall Clueless,Neutral,4,julian,2026-02-04 23:38:16
62920,rell,Neutral,5,julian,2026-02-04 23:40:01
33167,put that car,Neutral,4,julian,2026-02-04 23:40:25
36241,classic,Neutral,4,julian,2026-02-04 23:40:28
30887,this,Neutral,5,julian,2026-02-04 23:41:24
92190,uncle sir,Neutral,5,julian,2026-02-04 23:41:52
12231,your mom might sleeping right now let her rest,Neutral,5,julian,2026-02-04 23:42:13
52356,makes the art You can find him here:,Neutral,5,julian,2026-02-04 23:42:42
84026,fuck that go b,Neutral,4,julian,2026-02-04 23:42:55
78164,gift pleaseeee,Neutral,4,julian,2026-02-04 23:42:59
82497,uuh combo,Neutral,4,julian,2026-02-04 23:43:02
23739,"They dont even have to be within los, you can through the wall them at close range and down them as long as you are close enough",Neutral,5,julian,2026-02-04 23:43:22
55999,his shower thoughts,Neutral,5,julian,2026-02-04 23:43:26
82972,see that height,Neutral,5,julian,2026-02-04 23:43:30
87291,drako cuh,Neutral,5,julian,2026-02-04 23:44:03
63676,months later caseoh achieved heights,Neutral,4,julian,2026-02-04 23:44:56
55670,birthday,Neutral,4,julian,2026-02-04 23:44:58
67385,how about brother instead,Neutral,4,julian,2026-02-04 23:45:07
90849,squafire,Neutral,4,julian,2026-02-04 23:45:20
99369,taste buds are cooked,Neutral,4,julian,2026-02-04 23:45:34
54348,OMEGALUL i don’t need 13 reasons. this was more than enough.,Neutral,5,julian,2026-02-04 23:45:47
64754,TRUE omE,Neutral,5,julian,2026-02-04 23:45:52
52396,just talk normal,Neutral,4,julian,2026-02-04 23:46:57
69961,sure these mechs are british and not canadian,Neutral,4,julian,2026-02-04 23:47:06
68103,moab,Neutral,5,julian,2026-02-04 23:48:28
85166,Wait they ban gore now?,Neutral,5,julian,2026-02-04 23:48:33
57385,NFT's are the new MLM,Neutral,5,julian,2026-02-04 23:48:44
95458,The whole room looks like earthquake shook,Neutral,5,julian,2026-02-04 23:48:48
80566,classic,Neutral,4,julian,2026-02-04 23:48:56
46784,you can fortnite,Neutral,4,julian,2026-02-04 23:48:58
19716,juh,Neutral,4,julian,2026-02-04 23:49:02
63605,nestle,Neutral,4,julian,2026-02-04 23:50:10
39344,why you lied,Neutral,5,julian,2026-02-04 23:50:51
60650,Hey what you think the hwacha,Neutral,5,julian,2026-02-04 23:51:19
32769,how apply,Neutral,5,julian,2026-02-04 23:51:53
83086,You wouldn't cool transformer though,Neutral,5,julian,2026-02-04 23:52:01
96433,this the tutorial boss,Neutral,5,julian,2026-02-04 23:52:08
99823,know drunk that’s why saying chill,Neutral,4,julian,2026-02-05 05:01:53
54131,holdd,Neutral,4,julian,2026-02-05 05:01:57
98609,little ppl living cave mining for gems,Neutral,4,julian,2026-02-05 05:08:25
55531,need gift,Neutral,4,julian,2026-02-05 05:08:39
37392,sodaHmm,Neutral,4,julian,2026-02-05 05:08:54
98464,song,Neutral,4,julian,2026-02-05 05:08:57
39038,sub next pls,Neutral,4,julian,2026-02-05 05:09:00
12746,youre chin deep her,Neutral,3,julian,2026-02-05 10:18:51
49820,sage,Neutral,4,julian,2026-02-05 10:18:57
38418,your neck and fall down,Neutral,4,julian,2026-02-05 10:19:01
82168,make the demo cheap,Neutral,4,julian,2026-02-05 10:19:04
80048,hold,Neutral,4,julian,2026-02-05 10:19:06
33225,But why,Neutral,4,julian,2026-02-05 10:19:20
24904,Sodapoppin's discord https://discord.gg/sodapoppin (Do sub not have to be to join),Neutral,4,julian,2026-02-05 10:19:25
46934,the settlers,Neutral,4,julian,2026-02-05 10:19:35
61084,everythin they do in casinos is designed to steal all your money,Neutral,5,julian,2026-02-05 10:19:48
78914,spicegirls,Neutral,5,julian,2026-02-05 10:20:26
45561,who is that,Neutral,5,julian,2026-02-05 10:20:38
22331,look top right,Neutral,5,julian,2026-02-05 10:20:40
33325,stream man,Neutral,5,julian,2026-02-05 10:20:43
87227,windows cracked driver side,Neutral,4,julian,2026-02-05 10:21:30
49577,the door exit,Neutral,4,julian,2026-02-05 10:22:07
21183,tahm kench getting in trouble?,Neutral,5,julian,2026-02-05 10:23:07
96738,auto yet,Neutral,4,julian,2026-02-05 10:23:18
17232,might time talk psych,Neutral,4,julian,2026-02-05 10:24:20
99039,they getting drunk it’s ova wit,Neutral,5,julian,2026-02-05 10:25:03
22710,discord,Neutral,5,julian,2026-02-05 10:25:23
59693,pls,Neutral,5,julian,2026-02-05 10:25:50
42440,Chatting,Neutral,5,julian,2026-02-05 10:26:07
60263,how you whisper mod,Neutral,4,julian,2026-02-05 10:26:48
13042,uuh,Neutral,4,Jason,2026-02-01 05:10:20
94732,ono,Neutral,4,Jason,2026-02-01 05:16:27
55767,ono,Neutral,4,Jason,2026-02-01 05:27:15
26789,uuh,Neutral,4,Jason,2026-02-01 19:14:58
34275,HUH,Neutral,4,Jason,2026-02-01 19:16:28
27339,Hmm,Neutral,4,Jason,2026-02-01 19:17:48
80287,HUH,Neutral,5,Jason,2026-02-02 21:01:53
93243,HUH,Neutral,5,julian,2026-02-02 22:11:38
91472,BRO WHAT,Neutral,5,julian,2026-02-02 22:13:14
56956,WHAT,Neutral,4,Jason,2026-02-03 03:49:17
95668,eeeh,Neutral,4,julian,2026-02-04 03:52:29
92417,o.O,Neutral,3,julian,2026-02-04 03:56:28
54359,HUH,Neutral,1,Bill,2026-02-04 04:07:20
22781,ono,Neutral,2,Bill,2026-02-04 04:08:11
62290,D:,Neutral,5,Bill,2026-02-04 04:15:03
33119,UHHHH,Neutral,3,Bill,2026-02-04 04:15:18
96203,HUH,Neutral,2,Bill,2026-02-04 04:17:15
60968,Huh,Neutral,2,Bill,2026-02-04 04:17:25
45387,WHAT,Neutral,1,Bill,2026-02-04 04:17:49
27308,HUH,Neutral,1,Bill,2026-02-04 04:34:12
85456,AAAA,Neutral,1,Bill,2026-02-04 04:34:25
54740,cant,Neutral,1,Bill,2026-02-04 04:38:03
76046,PLS,Neutral,2,Bill,2026-02-04 04:45:21
90781,ono,Neutral,3,Bill,2026-02-04 04:49:16
88210,???????,Neutral,2,Bill,2026-02-04 04:52:09
10149,huh,Neutral,1,Bill,2026-02-04 04:59:42
93672,ðŸ¤”,Neutral,1,Bill,2026-02-04 05:22:48
94446,??????????????????????,Neutral,2,Bill,2026-02-04 05:32:30
63400,Hmm,Neutral,4,julian,2026-02-04 23:22:35
27721,uuh,Neutral,4,julian,2026-02-04 23:25:05
98888,erm,Neutral,4,julian,2026-02-04 23:28:58
54106,GULP,Neutral,4,julian,2026-02-04 23:30:34
68311,omg,Neutral,4,julian,2026-02-04 23:32:10
30216,???,Neutral,4,julian,2026-02-04 23:32:25
23547,erm,Neutral,4,julian,2026-02-04 23:38:29
15503,HUH,Neutral,5,julian,2026-02-04 23:38:34
14926,HUHH,Neutral,5,julian,2026-02-04 23:46:47
98147,sus,Neutral,5,julian,2026-02-04 23:47:30
54772,HUH,Neutral,5,julian,2026-02-04 23:48:36
99682,WHAT,Neutral,5,julian,2026-02-04 23:49:46
15627,NODDERS ???,Neutral,4,julian,2026-02-05 10:22:03
40795,uuh,Neutral,4,julian,2026-02-05 10:22:39
18133,??? LULW,Neutral,5,julian,2026-02-05 10:25:36
43469,BAND,Negative,4,Jason,2026-02-01 05:00:07
70660,nahhhhhh,Negative,3,Jason,2026-02-01 05:00:22
97079,WTF RETU FOICUS ON GAME ???,Negative,5,Jason,2026-02-01 05:06:20
64177,SHES HACKINNN,Negative,4,Jason,2026-02-01 05:06:41
78904,duh,Negative,4,Jason,2026-02-01 05:08:06
62714,"@sodapoppin we know you are sitting there watching chat, just play the song again already",Negative,5,Jason,2026-02-01 05:09:04
20848,don't,Negative,2,Jason,2026-02-01 05:09:19
28551,would never stream was famous,Negative,3,Jason,2026-02-01 05:10:34
78170,this looks ass,Negative,5,Jason,2026-02-01 05:11:39
39325,don't give people ideas,Negative,3,Jason,2026-02-01 05:15:22
31356,MYEYES,Negative,4,Jason,2026-02-01 05:17:36
20937,GIVE FOOOOOD,Negative,1,Jason,2026-02-01 05:17:54
27614,you'll lose,Negative,3,Jason,2026-02-01 05:19:50
54548,Men are evolved women,Negative,4,Jason,2026-02-01 05:20:38
52226,AINTNOWAY,Negative,5,Jason,2026-02-01 05:22:25
17726,womp womp bruh,Negative,4,Jason,2026-02-01 05:22:49
87890,Clueless No,Negative,3,Jason,2026-02-01 05:23:33
91432,EWWW,Negative,5,Jason,2026-02-01 05:24:15
17436,ADS,Negative,5,Jason,2026-02-01 05:25:28
61668,STREAM,Negative,3,Jason,2026-02-01 05:28:08
39285,TOUGH SHIT LMAO,Negative,5,Jason,2026-02-01 05:28:19
58854,Big ripp off,Negative,3,Jason,2026-02-01 05:28:41
33170,we're the ones gaslighting,Negative,3,Jason,2026-02-01 05:28:48
45128,nooo,Negative,5,Jason,2026-02-01 05:30:09
92553,WONT,Negative,2,Jason,2026-02-01 05:30:54
59779,BRUH,Negative,5,Jason,2026-02-01 05:31:06
35691,FRICK,Negative,4,Jason,2026-02-01 05:32:32
22780,dude got owned Sadge,Negative,4,Jason,2026-02-01 05:35:52
22905,RAGEBAIT,Negative,5,Jason,2026-02-01 05:37:04
39595,??????????????????????,Negative,4,Jason,2026-02-01 19:17:30
44284,skip,Negative,3,Jason,2026-02-01 19:19:35
55271,WHAT A LOSER HACKER KEKW,Negative,5,Jason,2026-02-01 19:20:07
67247,COPIUM 󠀀,Negative,5,Jason,2026-02-01 19:20:46
83732,tunnel vision NODDERS,Negative,4,Jason,2026-02-01 19:21:37
66756,BatChest NO WAY,Negative,4,Jason,2026-02-01 19:23:10
79190,SMH,Negative,4,Jason,2026-02-01 19:26:22
86214,WHAT,Negative,4,Jason,2026-02-01 19:26:40
77568,POOR PERSONS CAR LUL POOR PERSONS CAR LUL POOR PERSONS CAR LUL POOR PERSONS CAR LUL POOR PERSONS CAR LUL POOR PERSONS CAR LUL,Negative,5,Jason,2026-02-01 19:28:16
33739,bro,Negative,3,Jason,2026-02-01 19:28:29
36850,eww,Negative,4,Jason,2026-02-01 19:28:50
93155,DaveOnAWave1 bro what,Negative,2,Jason,2026-02-01 19:29:46
15787,LEAKED,Negative,4,Jason,2026-02-01 19:32:33
39323,forsenCD just lucky,Negative,4,Jason,2026-02-01 19:32:57
29814,MODERATOR,Negative,5,Jason,2026-02-01 19:35:09
42571,Clueless surely he doesnt care,Negative,3,Jason,2026-02-01 19:35:16
80112,OMEGALUL 8 HOURS OMEGALUL 8 HOURS OMEGALUL 8 HOURS OMEGALUL 8 HOURS,Negative,4,Jason,2026-02-01 19:37:34
82471,EXPLAINING,Negative,3,Jason,2026-02-01 19:38:49
45758,scammer,Negative,4,Jason,2026-02-01 19:39:38
72712,You fucked my rogue dude,Negative,3,Jason,2026-02-01 19:39:55
40937,and gay,Negative,5,Jason,2026-02-02 20:55:38
93942,ITS CALLED TELESCOPE,Negative,4,Jason,2026-02-02 20:56:45
98468,scared,Negative,3,Jason,2026-02-02 20:56:49
95538,STOP STALLING,Negative,5,Jason,2026-02-02 20:56:54
24036,N OMEGALUL OMEGALUL B,Negative,4,Jason,2026-02-02 20:57:10
50453,YOU CONDUCT TRAIN NOT DRIVE,Negative,5,Jason,2026-02-02 21:02:00
54723,HECK BROTHERRRR,Negative,3,Jason,2026-02-02 21:02:30
55345,WHATT,Negative,5,Jason,2026-02-02 21:02:53
31428,omE wtf,Negative,4,Jason,2026-02-02 21:03:45
39413,DUDE,Negative,4,Jason,2026-02-02 21:04:15
76906,SCIZHO,Negative,5,Jason,2026-02-02 21:04:43
25751,CAUGHT,Negative,4,Jason,2026-02-02 21:05:22
22437,SMH,Negative,5,Jason,2026-02-02 21:05:41
86791,the friends we've made along the way lol,Negative,3,Jason,2026-02-02 21:05:55
94633,switch graphics,Negative,4,Jason,2026-02-02 21:06:13
38542,game literally you blinbk you get coocked,Negative,4,Jason,2026-02-02 21:06:53
51090,SHE THOUGHT THEY SAID THANK YOU NOT FAZE CLAN LOL,Negative,3,Jason,2026-02-02 21:07:12
17461,5Head,Negative,4,Jason,2026-02-02 21:07:38
56471,why are you playing league of legeds this long what is going on,Negative,5,Jason,2026-02-02 21:07:43
52456,Pepega ?!?!,Negative,5,Jason,2026-02-02 21:08:31
48482,OFFFCCCC,Negative,2,Jason,2026-02-02 21:08:55
66468,hhhhhhhhhhh,Negative,3,Jason,2026-02-02 21:09:00
11672,KEEP CRYING LOSER,Negative,5,Jason,2026-02-02 21:09:43
91349,UNLUCKY,Negative,4,Jason,2026-02-02 21:10:38
31549,ban nature,Negative,5,Jason,2026-02-02 21:11:11
48035,RIPBOZO,Negative,5,Jason,2026-02-02 21:11:45
82843,SCAMMER,Negative,5,Jason,2026-02-02 21:11:47
24561,ban filian,Negative,5,julian,2026-02-02 22:11:06
87784,except dumb bats,Negative,4,julian,2026-02-02 22:11:53
30281,DDG BETTER,Negative,4,julian,2026-02-02 22:12:56
96091,RIP,Negative,5,Jason,2026-02-03 03:49:02
81789,SUSSY,Negative,4,Jason,2026-02-03 03:51:14
85856,stop edging me streamer,Negative,4,Jason,2026-02-03 03:53:51
34971,Vei gonna lose it,Negative,3,Jason,2026-02-03 03:53:58
53759,THAT DUDE SSU,Negative,4,Jason,2026-02-03 03:54:17
75366,ban bao,Negative,5,Jason,2026-02-03 03:54:22
62915,FEED,Negative,5,Jason,2026-02-03 03:54:40
27958,get piped nerd,Negative,5,Jason,2026-02-03 03:54:44
30777,belt lmao,Negative,3,Jason,2026-02-03 03:55:15
94329,lllllll,Negative,5,Jason,2026-02-03 03:55:26
52986,people really watch rakai,Negative,5,Jason,2026-02-03 03:55:32
58997,PLEASE,Negative,3,Jason,2026-02-03 03:56:03
19898,huh,Negative,4,Jason,2026-02-03 03:56:12
38344,Jebaited,Negative,4,Jason,2026-02-03 03:56:30
61407,FLUSH,Negative,5,Jason,2026-02-03 03:56:34
81923,WTFIS THIS OMEGALUL,Negative,4,Jason,2026-02-03 03:56:50
10371,play,Negative,4,Jason,2026-02-03 03:57:12
34470,soldddddd,Negative,5,Jason,2026-02-03 03:57:19
46161,RIP,Negative,5,Jason,2026-02-03 03:57:22
62803,nah,Negative,3,Jason,2026-02-03 03:57:26
53145,TRY,Negative,4,Jason,2026-02-03 03:57:30
45598,sodaTantrum,Negative,5,Jason,2026-02-03 03:57:33
88559,quietttt,Negative,4,Jason,2026-02-03 03:57:54
99394,HUH,Negative,4,Jason,2026-02-03 03:57:57
45946,NOT AMERICA LOL,Negative,4,Jason,2026-02-03 03:58:12
68983,EXPLAINING DonoTime,Negative,4,Jason,2026-02-03 03:58:27
37200,huh,Negative,2,Jason,2026-02-03 03:58:48
12277,Sadge down bad,Negative,4,Jason,2026-02-03 03:58:53
49028,ads,Negative,5,Jason,2026-02-03 03:59:34
69035,you’re selling case,Negative,5,Jason,2026-02-03 03:59:44
17888,rip halo guy,Negative,5,Jason,2026-02-03 03:59:47
29000,you are wearing your shirt inside-out you look,Negative,5,Jason,2026-02-03 04:00:07
14651,monkaW death by bathtub,Negative,3,Jason,2026-02-03 04:00:16
96489,ever read comments out next time Evil's,Negative,3,Jason,2026-02-03 04:00:44
29548,yarrCheer500 now that your mana tapped: deez nuts,Negative,4,Jason,2026-02-03 04:00:51
11145,you finna die doing this,Negative,4,Jason,2026-02-03 04:00:58
79698,get this woman some keys,Negative,5,Jason,2026-02-03 04:01:15
56832,RIPBOZO,Negative,5,Jason,2026-02-03 04:01:29
68148,EWWWW,Negative,5,Jason,2026-02-03 04:02:53
45590,yeeeted,Negative,5,Jason,2026-02-03 04:03:23
34599,stoner,Negative,4,Jason,2026-02-03 04:03:35
33641,get out there,Negative,4,Jason,2026-02-03 04:03:39
79310,FAKE Sus,Negative,5,Jason,2026-02-03 04:04:04
44542,fries mhm,Negative,4,Jason,2026-02-03 04:04:14
71828,LOL pretending,Negative,4,Jason,2026-02-03 04:04:17
36266,nah,Negative,4,Jason,2026-02-03 04:04:46
96281,MORE SNIPERS,Negative,5,Jason,2026-02-03 04:05:20
17666,ono,Negative,3,Jason,2026-02-03 04:05:23
33020,SCHIZO,Negative,5,Jason,2026-02-03 04:05:33
20461,Fuck him in particular,Negative,5,Jason,2026-02-03 04:05:45
19376,bruh,Negative,4,Jason,2026-02-03 04:05:54
50853,WHAT,Negative,4,Jason,2026-02-03 04:05:57
89469,LOSERS,Negative,5,Jason,2026-02-03 04:06:41
31962,ohno,Negative,3,Jason,2026-02-03 04:06:44
91750,Her voice deeper than rays,Negative,4,Jason,2026-02-03 04:06:55
39015,It's raw the middle,Negative,4,Jason,2026-02-03 04:07:08
12671,your irl movement crazy,Negative,4,Jason,2026-02-03 04:07:12
23403,NOOPERS,Negative,4,Jason,2026-02-03 04:07:51
11372,WELLLLLLLLLLL DESERVED,Negative,5,Jason,2026-02-03 04:08:19
91107,SODAING,Negative,3,Jason,2026-02-03 04:08:52
94718,Soda's health went catJAM catJAM catJAM catJAM catJAM,Negative,3,Jason,2026-02-03 04:09:08
95835,play,Negative,3,Jason,2026-02-03 04:09:11
80045,NAHH,Negative,4,Jason,2026-02-03 04:09:15
17843,the 5 days is bullshit,Negative,5,Jason,2026-02-03 04:09:20
37333,bully,Negative,2,Jason,2026-02-03 04:09:32
86959,PALYING ALONE AGAINST RULES,Negative,3,Jason,2026-02-03 04:09:49
94288,FLUSH DO WHAT,Negative,3,Jason,2026-02-03 04:10:37
22174,wtf,Negative,5,Jason,2026-02-03 04:10:56
35131,YOU SHOULD MAKE CHANNEL CALLED CASEOH'S FOOD REVIEW,Negative,4,Jason,2026-02-03 04:11:26
85873,Madge baited by my jungler,Negative,5,Jason,2026-02-03 04:11:43
18813,Bedge,Negative,5,julian,2026-02-04 03:43:47
21858,NOOOO,Negative,5,julian,2026-02-04 03:46:30
90692,HERD THE ALIGATOR MAN,Negative,4,julian,2026-02-04 03:47:28
12909,OFC FATTY,Negative,5,julian,2026-02-04 03:52:11
57384,DIED,Negative,5,julian,2026-02-04 03:52:36
60971,MEAN HEAR OUT,Negative,5,julian,2026-02-04 03:59:39
35520,SCAMMED,Negative,2,Bill,2026-02-04 04:00:00
20013,Chatting do what I tell you streamer,Negative,4,julian,2026-02-04 04:02:02
52600,Wtf mathpapa,Negative,2,Bill,2026-02-04 04:03:11
98215,EWWW,Negative,4,Bill,2026-02-04 04:05:13
15565,I'm actually dying soon😭😭😭,Negative,4,julian,2026-02-04 04:06:05
70411,COPIUMTRUCK,Negative,1,Bill,2026-02-04 04:06:26
13220,ads every min gosh damn,Negative,2,Bill,2026-02-04 04:06:40
43806,She thot,Negative,1,Bill,2026-02-04 04:06:54
75279,how you not know that SMH,Negative,2,Bill,2026-02-04 04:08:23
31354,CREEP,Negative,3,Bill,2026-02-04 04:08:31
88094,Tomat0 GIVE MONEY BACK Tomat0 GIVE MONEY BACK Tomat0 GIVE MONEY BACK Tomat0 GIVE MONEY BACK,Negative,2,Bill,2026-02-04 04:09:08
19981,daym,Negative,3,julian,2026-02-04 04:09:43
15785,COPIUM,Negative,4,julian,2026-02-04 04:09:51
58523,bro chat dumb,Negative,3,Bill,2026-02-04 04:11:03
21704,sit ass down,Negative,2,Bill,2026-02-04 04:11:31
32442,NOOOO,Negative,2,Bill,2026-02-04 04:13:17
45925,retard',Negative,5,Bill,2026-02-04 04:16:20
40093,why doge every time sadge,Negative,1,Bill,2026-02-04 04:19:30
96839,need expert clearly,Negative,1,Bill,2026-02-04 04:20:23
83337,highly unbelieving,Negative,1,Bill,2026-02-04 04:23:17
91395,SCAM,Negative,1,Bill,2026-02-04 04:23:20
85917,You Fat hog,Negative,2,Bill,2026-02-04 04:25:17
77671,Beta male veiL,Negative,1,Bill,2026-02-04 04:25:47
81761,Now depressed,Negative,2,Bill,2026-02-04 04:25:57
37050,but the gameplay and were shit though,Negative,2,Bill,2026-02-04 04:27:31
76605,SCHIZO,Negative,1,Bill,2026-02-04 04:28:38
83111,FUCK YOU,Negative,5,Bill,2026-02-04 04:29:54
82922,bruh,Negative,1,Bill,2026-02-04 04:32:11
11239,Smh,Negative,1,Bill,2026-02-04 04:33:08
42930,ewwwwwwwww,Negative,3,Bill,2026-02-04 04:33:12
27694,unc,Negative,1,Bill,2026-02-04 04:34:05
73672,SCAMMED,Negative,2,Bill,2026-02-04 04:35:58
95918,COPIUMTRUCK,Negative,1,Bill,2026-02-04 04:38:58
92796,rude,Negative,2,Bill,2026-02-04 04:39:45
17150,@sodapoppin wasting oil,Negative,1,Bill,2026-02-04 04:41:12
57668,clueless,Negative,1,Bill,2026-02-04 04:43:39
94103,yall some haters,Negative,1,Bill,2026-02-04 04:44:32
94842,RIGGED,Negative,2,Bill,2026-02-04 04:47:26
98513,JESUS CHRIST SHES UGLY AND RATHET,Negative,4,Bill,2026-02-04 04:50:50
31177,what a pussy lmao,Negative,4,Bill,2026-02-04 04:51:45
45864,acting actually disgusting,Negative,5,Bill,2026-02-04 04:55:59
70157,FUCKKKKK,Negative,3,Bill,2026-02-04 04:57:19
38483,D:,Negative,2,Bill,2026-02-04 05:01:10
11244,THIS MAKES MAD,Negative,4,Bill,2026-02-04 05:01:31
18688,ZZZ,Negative,1,Bill,2026-02-04 05:02:41
11695,straight men are WEIRD,Negative,1,Bill,2026-02-04 05:03:30
69871,the skinny bitch,Negative,1,Bill,2026-02-04 05:04:29
44006,ADAPT RETARDED,Negative,2,Bill,2026-02-04 05:05:50
96448,DONT EVEN FOLLOW LOL,Negative,1,Bill,2026-02-04 05:06:29
25946,AND FAT DAMN,Negative,1,Bill,2026-02-04 05:09:54
23317,not real,Negative,2,Bill,2026-02-04 05:09:59
42924,youre fucking stupid the rich people did all that labor,Negative,5,Bill,2026-02-04 05:11:11
41661,D:,Negative,1,Bill,2026-02-04 05:12:39
26794,cringe,Negative,3,Bill,2026-02-04 05:22:27
35833,cap,Negative,1,Bill,2026-02-04 05:23:52
69529,chat lame,Negative,2,Bill,2026-02-04 05:26:20
16413,Ego 📈  Ego 📈  Ego 📈  Ego 📈  Ego 📈  Ego 📈  Ego 📈  Ego 📈  Ego 📈  Ego 📈  Ego 📈  Ego 📈  Ego 📈  Ego :chart_with_upwards_,Negative,1,Bill,2026-02-04 05:28:59
19462,done believing,Negative,1,Bill,2026-02-04 05:29:29
26522,rich kid take YEP,Negative,1,Bill,2026-02-04 05:31:13
24958,wtf watching,Negative,1,Bill,2026-02-04 05:33:12
98590,was your fault case…,Negative,1,Bill,2026-02-04 05:33:51
69997,RIPBOZO pathetic,Negative,2,Bill,2026-02-04 05:35:34
13925,the bot fucking hates me,Negative,2,Bill,2026-02-04 05:38:17
28662,thanks for ruining eyes filian mhm,Negative,2,Bill,2026-02-04 05:38:49
16978,shut kid plz,Negative,3,Bill,2026-02-04 05:39:09
22608,nah gay,Negative,3,Bill,2026-02-04 05:39:47
73093,NOOO,Negative,5,julian,2026-02-04 23:12:22
31247,DDG said it's the worst film he's seen his life,Negative,4,julian,2026-02-04 23:13:06
54585,fukin bad lol,Negative,4,julian,2026-02-04 23:29:17
20431,It's ass,Negative,4,julian,2026-02-04 23:30:56
40297,D:,Negative,4,julian,2026-02-04 23:32:14
33798,Businessge imagine needing to work your whole life,Negative,4,julian,2026-02-04 23:32:56
50236,fake game,Negative,4,julian,2026-02-04 23:34:23
36406,Bedge Thinking1 VeiMyQueen Thinking2,Negative,4,julian,2026-02-04 23:36:04
54844,autism,Negative,4,julian,2026-02-04 23:37:55
57249,Sadge,Negative,5,julian,2026-02-04 23:38:48
18205,The hell watching,Negative,4,julian,2026-02-04 23:41:38
90457,the conch stupid ngl,Negative,5,julian,2026-02-04 23:44:13
41600,RIPBOZO,Negative,5,julian,2026-02-04 23:46:34
36382,bad,Negative,4,julian,2026-02-04 23:47:00
87219,dirty blue stfu,Negative,5,julian,2026-02-04 23:48:24
98971,3Head,Negative,5,julian,2026-02-04 23:49:18
80230,RIPBOZO,Negative,5,julian,2026-02-04 23:49:38
77407,donowall,Negative,4,julian,2026-02-04 23:49:59
91589,nah,Negative,4,julian,2026-02-04 23:50:16
84272,sad shit,Negative,4,julian,2026-02-04 23:50:42
76914,muted,Negative,4,julian,2026-02-04 23:51:49
97567,RIPBOZO,Negative,5,julian,2026-02-04 23:51:56
60134,trying to be daily dose of internet LULW,Negative,5,julian,2026-02-04 23:52:17
89549,Sadge,Negative,4,julian,2026-02-04 23:52:22
44616,someone get him reading lessons,Negative,4,julian,2026-02-05 10:18:38
89766,NOOOO,Negative,5,julian,2026-02-05 10:20:18
38398,the anomaly the stench after you enter the room,Negative,4,julian,2026-02-05 10:22:47
52328,RIPBOZO,Negative,4,julian,2026-02-05 10:23:03
30446,SOOOOOOO BAD LOL,Negative,5,julian,2026-02-05 10:23:48
21651,Sadge VIBE ðŸ“‰,Negative,4,Jason,2026-02-01 05:08:29
44061,PLSSSSSSSSSSSSSSSSSSSSS KAY,Negative,5,Jason,2026-02-01 05:29:00
40013,MONKA,Negative,5,Jason,2026-02-01 19:25:43
14075,peepoScared,Negative,5,Jason,2026-02-01 19:40:07
45270,peepoS,Negative,5,Jason,2026-02-02 21:01:36
40877,WAYTOODANK INC,Negative,4,Jason,2026-02-02 21:11:04
76296,uptown gaza,Negative,5,Jason,2026-02-02 21:11:17
89322,HAD HEART ATTACK,Negative,5,julian,2026-02-02 22:08:42
17455,AYAYAS,Negative,4,Jason,2026-02-03 03:49:33
89974,where did,Negative,3,Jason,2026-02-03 03:54:03
58634,OhMyDog,Negative,4,Jason,2026-02-03 03:58:04
35488,ALERT,Negative,4,Jason,2026-02-03 03:58:08
39597,peepoS,Negative,5,julian,2026-02-04 03:56:36
66465,BRO NOT HERE,Negative,2,Bill,2026-02-04 04:00:41
39394,GO BACK,Negative,4,Bill,2026-02-04 04:02:32
10428,damn,Negative,1,Bill,2026-02-04 04:04:33
29279,SNIPERS,Negative,3,Bill,2026-02-04 04:04:38
58672,I'm scawed,Negative,4,Bill,2026-02-04 04:05:18
49991,NOOOO OH THE MISERY vulpes3Depressed,Negative,2,Bill,2026-02-04 04:05:45
14753,NOOOO,Negative,2,Bill,2026-02-04 04:06:32
77751,ITS TOO TIGHT LACY TOOO TIGHT,Negative,1,Bill,2026-02-04 04:07:04
82022,Stare ó €€,Negative,1,Bill,2026-02-04 04:12:09
99599,GOODONE we're dead,Negative,2,Bill,2026-02-04 04:13:08
57434,i feel so akward,Negative,1,Bill,2026-02-04 04:13:26
20980,YOURR KEYS,Negative,1,Bill,2026-02-04 04:20:28
79959,YOU BASTARD NOOOO,Negative,1,Bill,2026-02-04 04:22:43
11872,NOOOO,Negative,1,Bill,2026-02-04 04:25:33
31789,confooosed,Negative,1,Bill,2026-02-04 04:26:59
89843,shoot,Negative,1,Bill,2026-02-04 04:31:26
40572,DONT WANNA HEAR,Negative,3,Bill,2026-02-04 04:34:18
62552,PIC BEHINHD,Negative,4,Bill,2026-02-04 04:36:15
99892,please donâ€™t eat that taco,Negative,3,Bill,2026-02-04 04:40:58
73581,Meg run,Negative,1,Bill,2026-02-04 04:41:22
11989,ZOMBIE,Negative,1,Bill,2026-02-04 04:43:01
48064,NOOOO,Negative,2,Bill,2026-02-04 04:50:19
48028,SOYSCREAM,Negative,4,Bill,2026-02-04 04:50:23
17513,YOU LEFT HERE ALONE JACOB,Negative,1,Bill,2026-02-04 04:57:47
28046,pls sell,Negative,1,Bill,2026-02-04 04:58:00
60553,NOOOOOOOOOOOOOOOOOOOOOOOOOOOOOOOOOOOOO,Negative,1,Bill,2026-02-04 05:07:03
88487,HOLD AWNNNNN,Negative,1,Bill,2026-02-04 05:07:50
32066,jesus christ,Negative,3,Bill,2026-02-04 05:13:25
52907,CLOSET,Negative,1,Bill,2026-02-04 05:14:14
46328,scawy,Negative,3,Bill,2026-02-04 05:14:53
90158,Prayge,Negative,1,Bill,2026-02-04 05:15:26
88707,nmp modCheck,Negative,1,Bill,2026-02-04 05:15:32
58373,SAVE YOUR WIFE TED,Negative,2,Bill,2026-02-04 05:15:51
48063,I AM LOSING IT,Negative,2,Bill,2026-02-04 05:16:41
85612,PHONE FELL THROUGH THE GROUND,Negative,1,Bill,2026-02-04 05:17:22
36577,awww lawd,Negative,2,Bill,2026-02-04 05:19:21
27890,PANIC,Negative,5,Bill,2026-02-04 05:21:13
91754,I thought they were toast,Negative,1,Bill,2026-02-04 05:23:21
18229,NOOOOO,Negative,2,Bill,2026-02-04 05:26:26
56805,NOOOO,Negative,2,Bill,2026-02-04 05:28:25
17060,its over,Negative,3,Bill,2026-02-04 05:33:23
51254,please,Negative,1,Bill,2026-02-04 05:34:43
29324,LIGHTS,Negative,1,Bill,2026-02-04 05:34:51
40895,So close,Negative,1,Bill,2026-02-04 05:37:01
98904,donâ€™t goo,Negative,2,Bill,2026-02-04 05:37:19
72551,omg that burn is nuts,Negative,1,Bill,2026-02-04 05:38:29
87024,monkaS,Negative,5,julian,2026-02-04 23:22:58
89108,Sus aliens,Negative,4,julian,2026-02-04 23:37:37
65601,AHHHH,Negative,5,julian,2026-02-04 23:41:16
73960,HURRY,Negative,5,julian,2026-02-04 23:42:23
65890,THATS ACTUALLY SCARY,Negative,5,julian,2026-02-04 23:42:30
17835,stole Thor's PASTA SAUCE?!ðŸ˜±ðŸ˜±ðŸ˜±,Negative,5,julian,2026-02-04 23:50:26
86413,MONKA,Negative,5,julian,2026-02-05 10:20:11
10653,MONKA,Negative,5,julian,2026-02-05 10:25:26